Session,Electrode,Tactilo,Mean Amplitude,Condition
1,Fz,1,-0.26834101972479574,Target
1,Fc1,1,1.5854676112173347,Target
1,Fc2,1,1.3694810309288734,Target
1,C3,1,2.134530440044424,Target
1,Cz,1,2.606214660063772,Target
1,C4,1,1.2580790186429254,Target
1,Pz,1,2.1101807448792904,Target
1,Fz,2,4.412116754710603,Target
1,Fc1,2,4.632354462457431,Target
1,Fc2,2,3.760430893791447,Target
1,C3,2,4.00472128993109,Target
1,Cz,2,4.4233599534017,Target
1,C4,2,3.3225202168105197,Target
1,Pz,2,2.285986236791439,Target
1,Fz,3,3.395546070534662,Target
1,Fc1,3,3.4271880435664124,Target
1,Fc2,3,2.8816891015724027,Target
1,C3,3,2.6412147425184123,Target
1,Cz,3,3.2658228005447625,Target
1,C4,3,2.1595405841462005,Target
1,Pz,3,1.4163204738756376,Target
1,Fz,4,3.5296151840566035,Target
1,Fc1,4,3.5480949120634713,Target
1,Fc2,4,2.415610545736131,Target
1,C3,4,3.2997147204736033,Target
1,Cz,4,3.3310763538670125,Target
1,C4,4,2.121713242250588,Target
1,Pz,4,0.6620558757460153,Target
1,Fz,1,0.2382621068697627,nonTarget
1,Fc1,1,-0.6004681469839828,nonTarget
1,Fc2,1,0.10258017123231286,nonTarget
1,C3,1,-0.7813627602004847,nonTarget
1,Cz,1,-0.9026362245618503,nonTarget
1,C4,1,-0.21424133328276204,nonTarget
1,Pz,1,-0.8320642656079593,nonTarget
1,Fz,2,0.5785098227901848,nonTarget
1,Fc1,2,0.46118852976950386,nonTarget
1,Fc2,2,0.1603237274283011,nonTarget
1,C3,2,0.15882421961209403,nonTarget
1,Cz,2,-0.1905248398484346,nonTarget
1,C4,2,0.017778473417049707,nonTarget
1,Pz,2,-0.7734359438530951,nonTarget
1,Fz,3,-1.3797390778659833,nonTarget
1,Fc1,3,-1.6186529431248173,nonTarget
1,Fc2,3,-0.8060614555414838,nonTarget
1,C3,3,-1.4159333193763337,nonTarget
1,Cz,3,-1.4221450693262843,nonTarget
1,C4,3,-0.7027832824175234,nonTarget
1,Pz,3,-1.162862381449934,nonTarget
1,Fz,4,-1.436803780856458,nonTarget
1,Fc1,4,-1.2567614908169837,nonTarget
1,Fc2,4,-1.3131201594358775,nonTarget
1,C3,4,-1.3717978659047927,nonTarget
1,Cz,4,-1.3366485308467402,nonTarget
1,C4,4,-0.8658949286487699,nonTarget
1,Pz,4,-1.0546475044007573,nonTarget
2,Fz,1,4.4198967837758545,Target
2,Fc1,1,2.0009045072013913,Target
2,Fc2,1,1.4846611812291264,Target
2,C3,1,1.7997770180557833,Target
2,Cz,1,2.103861028931194,Target
2,C4,1,1.5277793206349508,Target
2,Pz,1,-0.8659745933599954,Target
2,Fz,2,3.4384750783977434,Target
2,Fc1,2,2.1855693698673733,Target
2,Fc2,2,1.8826368518013572,Target
2,C3,2,2.5786918409920556,Target
2,Cz,2,2.322016436624165,Target
2,C4,2,1.6571264017621261,Target
2,Pz,2,1.1786960748242232,Target
2,Fz,3,2.4906011992032178,Target
2,Fc1,3,3.337509378822448,Target
2,Fc2,3,3.005985802741518,Target
2,C3,3,3.3469406847768868,Target
2,Cz,3,3.3722830478633385,Target
2,C4,3,1.766863941905708,Target
2,Pz,3,0.4597261322806844,Target
2,Fz,4,0.11397668040846438,Target
2,Fc1,4,-0.22239776678175402,Target
2,Fc2,4,-0.003940766143484761,Target
2,C3,4,-0.45179395743566136,Target
2,Cz,4,0.32225023302558486,Target
2,C4,4,0.1177836717801902,Target
2,Pz,4,0.5332487753585959,Target
2,Fz,1,0.24931237305272008,nonTarget
2,Fc1,1,-0.6424036692204889,nonTarget
2,Fc2,1,-0.7924603025541221,nonTarget
2,C3,1,-0.2565676762101753,nonTarget
2,Cz,1,-0.7166273435311437,nonTarget
2,C4,1,-1.1416650027969169,nonTarget
2,Pz,1,-0.7328543328525823,nonTarget
2,Fz,2,0.954343307351625,nonTarget
2,Fc1,2,-0.2525639509689286,nonTarget
2,Fc2,2,-0.5054661042680085,nonTarget
2,C3,2,-0.2322627736030013,nonTarget
2,Cz,2,-0.8446006971174682,nonTarget
2,C4,2,-0.8227455543578561,nonTarget
2,Pz,2,-1.152838130175753,nonTarget
2,Fz,3,-1.9493411961354417,nonTarget
2,Fc1,3,-1.512267968643068,nonTarget
2,Fc2,3,-1.4500451866749142,nonTarget
2,C3,3,-1.2647768597389328,nonTarget
2,Cz,3,-1.7305092177925154,nonTarget
2,C4,3,-1.0420758064721136,nonTarget
2,Pz,3,-1.5145848610907562,nonTarget
2,Fz,4,-0.5437851378028575,nonTarget
2,Fc1,4,-0.3188263851597401,nonTarget
2,Fc2,4,-0.5361782136082778,nonTarget
2,C3,4,-0.11680941279814153,nonTarget
2,Cz,4,-0.7799686402225072,nonTarget
2,C4,4,-0.5239955433939169,nonTarget
2,Pz,4,-1.071686684358593,nonTarget
3,Fz,1,0.3251612913503422,Target
3,Fc1,1,1.8652031842566887,Target
3,Fc2,1,1.359984390444049,Target
3,C3,1,1.255511204070954,Target
3,Cz,1,1.9468763592692275,Target
3,C4,1,1.466703607639392,Target
3,Pz,1,0.1268945113932904,Target
3,Fz,2,3.8493342731685014,Target
3,Fc1,2,4.153090791426488,Target
3,Fc2,2,2.39288625493062,Target
3,C3,2,3.8254683522039814,Target
3,Cz,2,3.8509851750622635,Target
3,C4,2,1.6133397530971436,Target
3,Pz,2,1.0929178554689374,Target
3,Fz,3,2.550260694823704,Target
3,Fc1,3,2.5206970943322675,Target
3,Fc2,3,3.7038030704673846,Target
3,C3,3,1.0877837555529528,Target
3,Cz,3,2.7234370329934396,Target
3,C4,3,2.359246630360465,Target
3,Pz,3,1.271890062023062,Target
3,Fz,4,0.6319746713769745,Target
3,Fc1,4,1.5460349222336762,Target
3,Fc2,4,0.8124331175159072,Target
3,C3,4,1.6444267318524766,Target
3,Cz,4,2.1445905446290556,Target
3,C4,4,0.7997849995459557,Target
3,Pz,4,0.9314220721284161,Target
3,Fz,1,-0.19894800267836255,nonTarget
3,Fc1,1,-0.3597244246735421,nonTarget
3,Fc2,1,-0.7650753514391828,nonTarget
3,C3,1,-0.5312072891075916,nonTarget
3,Cz,1,-0.8688219772455948,nonTarget
3,C4,1,-0.7184626290900353,nonTarget
3,Pz,1,-1.0222687935336454,nonTarget
3,Fz,2,-0.3270277277063939,nonTarget
3,Fc1,2,0.016211326855626408,nonTarget
3,Fc2,2,-0.7316203703027596,nonTarget
3,C3,2,0.6026606735929778,nonTarget
3,Cz,2,-0.6410800838101878,nonTarget
3,C4,2,-1.142082998966624,nonTarget
3,Pz,2,-0.7477916087965586,nonTarget
3,Fz,3,-0.011683075976562757,nonTarget
3,Fc1,3,-0.5950373568139198,nonTarget
3,Fc2,3,-0.41050831507319674,nonTarget
3,C3,3,-0.4553314271671218,nonTarget
3,Cz,3,-0.8391782555343166,nonTarget
3,C4,3,-0.362373219072061,nonTarget
3,Pz,3,-0.8317762561278558,nonTarget
3,Fz,4,-0.8981988418234319,nonTarget
3,Fc1,4,-0.6905718033495604,nonTarget
3,Fc2,4,-0.11051387640520129,nonTarget
3,C3,4,-0.5766356161786692,nonTarget
3,Cz,4,-0.7731549167342864,nonTarget
3,C4,4,-0.09172592336225135,nonTarget
3,Pz,4,-0.4190061888748363,nonTarget
4,Fz,1,-3.666718149275952,Target
4,Fc1,1,-1.6160714402194596,Target
4,Fc2,1,-2.0671336293465643,Target
4,C3,1,-0.8470015316924984,Target
4,Cz,1,0.015161334332351216,Target
4,C4,1,-0.5507976611636558,Target
4,Pz,1,-0.40349106599019524,Target
4,Fz,2,1.5053369217331953,Target
4,Fc1,2,2.8651975198799557,Target
4,Fc2,2,2.55263559277269,Target
4,C3,2,2.794215822246643,Target
4,Cz,2,3.5403252438923607,Target
4,C4,2,1.764616845650199,Target
4,Pz,2,1.730103390045434,Target
4,Fz,3,-1.8712788918562948,Target
4,Fc1,3,-0.22768415211461118,Target
4,Fc2,3,-0.6813547691693587,Target
4,C3,3,-0.526263128964461,Target
4,Cz,3,-0.028854156840349143,Target
4,C4,3,-0.5876792582583404,Target
4,Pz,3,-1.4749807267130142,Target
4,Fz,4,2.0450638464596813,Target
4,Fc1,4,1.8742675837180718,Target
4,Fc2,4,1.914463609190406,Target
4,C3,4,1.344308298328785,Target
4,Cz,4,1.5762607603141334,Target
4,C4,4,1.2129819960487758,Target
4,Pz,4,0.14547853704625147,Target
4,Fz,1,2.1496002027318837,nonTarget
4,Fc1,1,2.0055754580942455,nonTarget
4,Fc2,1,1.1390002087337412,nonTarget
4,C3,1,2.1043464804063414,nonTarget
4,Cz,1,0.8124738438133371,nonTarget
4,C4,1,0.13733081596132377,nonTarget
4,Pz,1,0.3756413270128762,nonTarget
4,Fz,2,1.837618832993031,nonTarget
4,Fc1,2,1.239453224416989,nonTarget
4,Fc2,2,1.0097107812703499,nonTarget
4,C3,2,1.211898961911888,nonTarget
4,Cz,2,0.6608773929714815,nonTarget
4,C4,2,0.6475081447036677,nonTarget
4,Pz,2,0.041435694632394375,nonTarget
4,Fz,3,-3.9201288007191093,nonTarget
4,Fc1,3,-2.736875679892743,nonTarget
4,Fc2,3,-3.5847478778415423,nonTarget
4,C3,3,-1.7260097782050217,nonTarget
4,Cz,3,-2.4661642029855333,nonTarget
4,C4,3,-2.352051106533845,nonTarget
4,Pz,3,-1.6419383705757453,nonTarget
4,Fz,4,-0.022545241509036515,nonTarget
4,Fc1,4,0.13477169490259744,nonTarget
4,Fc2,4,-0.13267459334375598,nonTarget
4,C3,4,0.05489225196062702,nonTarget
4,Cz,4,0.0002402841509573173,nonTarget
4,C4,4,0.06584193449776495,nonTarget
4,Pz,4,0.21996541061226033,nonTarget
5,Fz,1,2.483373551190149,Target
5,Fc1,1,3.2522275464733887,Target
5,Fc2,1,2.90151860035858,Target
5,C3,1,1.6259138996203442,Target
5,Cz,1,3.4806926818223283,Target
5,C4,1,2.5559187853141276,Target
5,Pz,1,2.2661488102956007,Target
5,Fz,2,5.458362889525322,Target
5,Fc1,2,6.676918835857585,Target
5,Fc2,2,4.313255949237898,Target
5,C3,2,6.5844656658097005,Target
5,Cz,2,6.369626946834249,Target
5,C4,2,3.286343748235881,Target
5,Pz,2,4.422808155281096,Target
5,Fz,3,1.1520581582178189,Target
5,Fc1,3,2.2381746707011887,Target
5,Fc2,3,1.9582222838960917,Target
5,C3,3,1.6865224740133191,Target
5,Cz,3,1.942386243994564,Target
5,C4,3,1.3372533176314152,Target
5,Pz,3,-0.15625129200802587,Target
5,Fz,4,2.2295466740773215,Target
5,Fc1,4,2.5173478442668857,Target
5,Fc2,4,1.9487026561621632,Target
5,C3,4,2.427942691637635,Target
5,Cz,4,2.0687294594302674,Target
5,C4,4,1.1360147870556356,Target
5,Pz,4,1.4569099566391972,Target
5,Fz,1,-0.33249637419196615,nonTarget
5,Fc1,1,-0.7801619029242604,nonTarget
5,Fc2,1,-0.09028772092706527,nonTarget
5,C3,1,-0.7646109422291743,nonTarget
5,Cz,1,-0.9143916151598512,nonTarget
5,C4,1,-0.026825759337072392,nonTarget
5,Pz,1,-1.1210753612866209,nonTarget
5,Fz,2,-1.0987932474917521,nonTarget
5,Fc1,2,-0.22689192989798218,nonTarget
5,Fc2,2,-1.0488862135555073,nonTarget
5,C3,2,-0.13328771897198738,nonTarget
5,Cz,2,-0.6992559671879963,nonTarget
5,C4,2,-0.9635793004767605,nonTarget
5,Pz,2,-0.8095777624865366,nonTarget
5,Fz,3,-1.2762303308059009,nonTarget
5,Fc1,3,-1.4226387491160093,nonTarget
5,Fc2,3,-1.3265628420168614,nonTarget
5,C3,3,-1.3706850265174197,nonTarget
5,Cz,3,-1.7392218744465278,nonTarget
5,C4,3,-1.3298590854958892,nonTarget
5,Pz,3,-1.950520981274552,nonTarget
5,Fz,4,-1.1642480261501098,nonTarget
5,Fc1,4,-1.8372383295436108,nonTarget
5,Fc2,4,-1.2901023717274303,nonTarget
5,C3,4,-1.0485357199449337,nonTarget
5,Cz,4,-1.819531799049336,nonTarget
5,C4,4,-1.2831280668418308,nonTarget
5,Pz,4,-1.4160057602835068,nonTarget
6,Fz,1,0.6230834699929366,Target
6,Fc1,1,0.11176626580399585,Target
6,Fc2,1,1.719510163788522,Target
6,C3,1,-1.1060373729378639,Target
6,Cz,1,1.0062692804177749,Target
6,C4,1,1.1006740232551664,Target
6,Pz,1,-0.6343395596778508,Target
6,Fz,2,3.910635810338701,Target
6,Fc1,2,4.47093499464015,Target
6,Fc2,2,3.367272147375627,Target
6,C3,2,4.074881741615836,Target
6,Cz,2,4.261121377893787,Target
6,C4,2,2.325920828493132,Target
6,Pz,2,1.835030517010858,Target
6,Fz,3,1.5221841625359067,Target
6,Fc1,3,1.4541778795671543,Target
6,Fc2,3,1.7307927470697464,Target
6,C3,3,0.8044264288036729,Target
6,Cz,3,1.602824946356385,Target
6,C4,3,1.7343604477916768,Target
6,Pz,3,0.09635561746263682,Target
6,Fz,4,1.0247195662873874,Target
6,Fc1,4,4.10158203405338,Target
6,Fc2,4,1.3760143086124836,Target
6,C3,4,4.786110174896798,Target
6,Cz,4,3.7710376138817514,Target
6,C4,4,0.4194999584244849,Target
6,Pz,4,2.154003428635232,Target
6,Fz,1,0.4510211887991018,nonTarget
6,Fc1,1,-0.7784343690813448,nonTarget
6,Fc2,1,0.1929647685521397,nonTarget
6,C3,1,-1.2475908834365383,nonTarget
6,Cz,1,-1.1668972607553685,nonTarget
6,C4,1,0.48419704278600917,nonTarget
6,Pz,1,-1.0842018527317394,nonTarget
6,Fz,2,0.03595136281441377,nonTarget
6,Fc1,2,0.3629753847198384,nonTarget
6,Fc2,2,-0.12744488185400124,nonTarget
6,C3,2,0.6190952214738112,nonTarget
6,Cz,2,-0.20564586848464136,nonTarget
6,C4,2,-0.4691333475731136,nonTarget
6,Pz,2,-0.738997250082269,nonTarget
6,Fz,3,-0.7235627793136166,nonTarget
6,Fc1,3,-0.8597561560230169,nonTarget
6,Fc2,3,-0.18316025894527907,nonTarget
6,C3,3,-0.6902429743107199,nonTarget
6,Cz,3,-0.7190130276563577,nonTarget
6,C4,3,-0.13857493043159624,nonTarget
6,Pz,3,-0.6384112770523321,nonTarget
6,Fz,4,0.2117079654722311,nonTarget
6,Fc1,4,0.6084244684749416,nonTarget
6,Fc2,4,-0.2794182794820757,nonTarget
6,C3,4,0.9628204125041574,nonTarget
6,Cz,4,-0.06355254432069374,nonTarget
6,C4,4,-0.9481312087217857,nonTarget
6,Pz,4,-0.4186611749529411,nonTarget
7,Fz,1,1.6894884856667134,Target
7,Fc1,1,0.7598407506940146,Target
7,Fc2,1,2.20529272175565,Target
7,C3,1,-0.4831608269326294,Target
7,Cz,1,0.9815279608983517,Target
7,C4,1,2.240839075536476,Target
7,Pz,1,-0.7041998997080263,Target
7,Fz,2,3.1406813948281505,Target
7,Fc1,2,3.799483108713352,Target
7,Fc2,2,3.359484709453047,Target
7,C3,2,3.5870826156481876,Target
7,Cz,2,4.0230572385483585,Target
7,C4,2,2.5172419141242286,Target
7,Pz,2,2.1134799326093403,Target
7,Fz,3,1.7946556575615802,Target
7,Fc1,3,2.60824321270642,Target
7,Fc2,3,2.543063813533717,Target
7,C3,3,2.525382731990617,Target
7,Cz,3,2.9538879188345466,Target
7,C4,3,2.3688402418666996,Target
7,Pz,3,0.9864521930727752,Target
7,Fz,4,1.8448985159133686,Target
7,Fc1,4,2.8221044416923715,Target
7,Fc2,4,1.53025443364908,Target
7,C3,4,3.114412154647944,Target
7,Cz,4,2.4969003920279964,Target
7,C4,4,0.45478911499409114,Target
7,Pz,4,1.348359760766948,Target
7,Fz,1,0.4492907680628056,nonTarget
7,Fc1,1,-0.04386161998684856,nonTarget
7,Fc2,1,0.1618799189142524,nonTarget
7,C3,1,-0.19995761106387822,nonTarget
7,Cz,1,-0.5425255966366812,nonTarget
7,C4,1,-0.3334169413785668,nonTarget
7,Pz,1,-0.8385807597293926,nonTarget
7,Fz,2,1.6624043839734939,nonTarget
7,Fc1,2,1.7251763237326665,nonTarget
7,Fc2,2,0.6885965860088739,nonTarget
7,C3,2,1.4040889072618699,nonTarget
7,Cz,2,0.8570859803037293,nonTarget
7,C4,2,0.2692383514076751,nonTarget
7,Pz,2,0.18207034611803663,nonTarget
7,Fz,3,0.5593526726018899,nonTarget
7,Fc1,3,0.5640530472186812,nonTarget
7,Fc2,3,-0.024402332987329106,nonTarget
7,C3,3,0.8389733622788065,nonTarget
7,Cz,3,-0.03278527299403238,nonTarget
7,C4,3,0.031199345004816276,nonTarget
7,Pz,3,-0.44943123445852207,nonTarget
7,Fz,4,-1.6986112762633858,nonTarget
7,Fc1,4,-1.4141424479391258,nonTarget
7,Fc2,4,-1.7004047369844426,nonTarget
7,C3,4,-1.3505687997858875,nonTarget
7,Cz,4,-1.5532316121851997,nonTarget
7,C4,4,-1.3608340910756644,nonTarget
7,Pz,4,-1.8880535590638816,nonTarget
8,Fz,1,0.5569779205250036,Target
8,Fc1,1,2.559073802677098,Target
8,Fc2,1,2.846537974337785,Target
8,C3,1,2.379411086153673,Target
8,Cz,1,2.8795037907151384,Target
8,C4,1,1.3538562775642642,Target
8,Pz,1,2.089327746273728,Target
8,Fz,2,1.9043974184999688,Target
8,Fc1,2,3.8991369090535413,Target
8,Fc2,2,2.2527388496646443,Target
8,C3,2,3.132703194173152,Target
8,Cz,2,3.7578618409065,Target
8,C4,2,1.4799948175143118,Target
8,Pz,2,1.4750352646848555,Target
8,Fz,3,3.4195690886164187,Target
8,Fc1,3,3.813152576919425,Target
8,Fc2,3,3.9377560249906622,Target
8,C3,3,2.5783282990865053,Target
8,Cz,3,4.0944530772628465,Target
8,C4,3,2.4735365947090493,Target
8,Pz,3,1.7719183329633297,Target
8,Fz,4,2.1540335567905182,Target
8,Fc1,4,2.915696234627837,Target
8,Fc2,4,1.3362274998799046,Target
8,C3,4,3.144405697724637,Target
8,Cz,4,1.8364314266761066,Target
8,C4,4,0.3195503893391295,Target
8,Pz,4,0.9998936801394012,Target
8,Fz,1,-0.21067531791225907,nonTarget
8,Fc1,1,-0.7591261905697504,nonTarget
8,Fc2,1,-0.45333039680011455,nonTarget
8,C3,1,-1.176799476901175,nonTarget
8,Cz,1,-1.2953005281690013,nonTarget
8,C4,1,0.06082649894965067,nonTarget
8,Pz,1,-0.3517868319694935,nonTarget
8,Fz,2,1.1718078702797652,nonTarget
8,Fc1,2,0.5340803340961988,nonTarget
8,Fc2,2,0.20146629459249266,nonTarget
8,C3,2,0.5209800387578205,nonTarget
8,Cz,2,-0.09415424166181333,nonTarget
8,C4,2,-0.00469426635043042,nonTarget
8,Pz,2,-1.1528214988363317,nonTarget
8,Fz,3,-0.17647393539041184,nonTarget
8,Fc1,3,-0.040540612208054265,nonTarget
8,Fc2,3,0.1441282058372094,nonTarget
8,C3,3,0.11876724023490734,nonTarget
8,Cz,3,-0.3661776218901077,nonTarget
8,C4,3,-0.08437902858500052,nonTarget
8,Pz,3,-0.644275961133526,nonTarget
8,Fz,4,-1.5513012923844494,nonTarget
8,Fc1,4,-1.614987156220234,nonTarget
8,Fc2,4,-1.8803219873026706,nonTarget
8,C3,4,-0.9275185512444035,nonTarget
8,Cz,4,-1.3284899008459474,nonTarget
8,C4,4,-1.3476173394553534,nonTarget
8,Pz,4,-1.2301094781486936,nonTarget
9,Fz,1,1.0721443589437827,Target
9,Fc1,1,2.069998689989874,Target
9,Fc2,1,2.2559567552881306,Target
9,C3,1,1.7051952093614438,Target
9,Cz,1,2.878551448673191,Target
9,C4,1,2.0598399909635465,Target
9,Pz,1,0.7230523524571593,Target
9,Fz,2,2.242763924067245,Target
9,Fc1,2,3.974878671390228,Target
9,Fc2,2,1.679357284234981,Target
9,C3,2,4.64928564347985,Target
9,Cz,2,3.5344038852931177,Target
9,C4,2,0.8078825894970955,Target
9,Pz,2,2.2901392898385824,Target
9,Fz,3,1.037429200128757,Target
9,Fc1,3,1.6316843665829759,Target
9,Fc2,3,1.941149804993378,Target
9,C3,3,1.153318746712744,Target
9,Cz,3,1.984966099727625,Target
9,C4,3,1.2497833458546772,Target
9,Pz,3,0.3890630255211892,Target
9,Fz,4,3.005593452875931,Target
9,Fc1,4,3.7814948195958946,Target
9,Fc2,4,2.229807990961203,Target
9,C3,4,3.4002874758765342,Target
9,Cz,4,2.9027365616088385,Target
9,C4,4,1.0187720099792532,Target
9,Pz,4,1.1619524303545252,Target
9,Fz,1,-1.6343251753644834,nonTarget
9,Fc1,1,-1.448422426587129,nonTarget
9,Fc2,1,-1.0419674376737653,nonTarget
9,C3,1,-1.366098254610809,nonTarget
9,Cz,1,-1.62377680220446,nonTarget
9,C4,1,-0.7569450858278755,nonTarget
9,Pz,1,-1.3979509538101182,nonTarget
9,Fz,2,-0.36657395527343467,nonTarget
9,Fc1,2,-0.3371795201445954,nonTarget
9,Fc2,2,-0.6813570994562564,nonTarget
9,C3,2,-0.5278941022804349,nonTarget
9,Cz,2,-0.8724176126399078,nonTarget
9,C4,2,-0.763646231647878,nonTarget
9,Pz,2,-0.9693192311635972,nonTarget
9,Fz,3,-0.2561947699824139,nonTarget
9,Fc1,3,-0.881691178704832,nonTarget
9,Fc2,3,-0.3780455026601055,nonTarget
9,C3,3,-0.8214358457771884,nonTarget
9,Cz,3,-0.9177930547650979,nonTarget
9,C4,3,-0.32104806768220706,nonTarget
9,Pz,3,-1.0613055736079762,nonTarget
9,Fz,4,-0.08143752564131515,nonTarget
9,Fc1,4,-0.6157222693781945,nonTarget
9,Fc2,4,-0.3986445235337875,nonTarget
9,C3,4,-0.6337200587804079,nonTarget
9,Cz,4,-0.8797510815419107,nonTarget
9,C4,4,-0.6472030056603955,nonTarget
9,Pz,4,-0.9208134493925113,nonTarget
10,Fz,1,0.9640156794956442,Target
10,Fc1,1,2.3814246688102574,Target
10,Fc2,1,2.5359078230196346,Target
10,C3,1,1.874461313623882,Target
10,Cz,1,3.1233741030927,Target
10,C4,1,2.373951715931697,Target
10,Pz,1,2.2435984626780408,Target
10,Fz,2,3.9227113510738176,Target
10,Fc1,2,3.57374778312034,Target
10,Fc2,2,2.94837609634486,Target
10,C3,2,3.1327808382705014,Target
10,Cz,2,2.8090258148744063,Target
10,C4,2,2.0655319439729696,Target
10,Pz,2,0.9333645884573657,Target
10,Fz,3,4.114481425919642,Target
10,Fc1,3,4.240635768646785,Target
10,Fc2,3,3.8355159929926805,Target
10,C3,3,3.817582192011511,Target
10,Cz,3,4.496288336504916,Target
10,C4,3,3.1048592986498695,Target
10,Pz,3,3.614312314296833,Target
10,Fz,4,1.4117453865492664,Target
10,Fc1,4,2.33962809809427,Target
10,Fc2,4,1.6503914634195,Target
10,C3,4,2.1985158601965322,Target
10,Cz,4,2.3314932789797504,Target
10,C4,4,0.4426859665132995,Target
10,Pz,4,1.2525560104588753,Target
10,Fz,1,-0.6939838881540139,nonTarget
10,Fc1,1,-0.8860888926535365,nonTarget
10,Fc2,1,-0.8251675287028803,nonTarget
10,C3,1,-0.6392875953620563,nonTarget
10,Cz,1,-1.351025671544969,nonTarget
10,C4,1,-0.8024004384114842,nonTarget
10,Pz,1,-1.4329143222421252,nonTarget
10,Fz,2,0.2346722018764122,nonTarget
10,Fc1,2,0.24131378035383672,nonTarget
10,Fc2,2,-0.44879908847901406,nonTarget
10,C3,2,0.24777440747608243,nonTarget
10,Cz,2,-0.5048122879470566,nonTarget
10,C4,2,-0.38195804433675346,nonTarget
10,Pz,2,-0.9144441201423217,nonTarget
10,Fz,3,0.17250016342929853,nonTarget
10,Fc1,3,-0.4943059050770737,nonTarget
10,Fc2,3,-0.16880902217185562,nonTarget
10,C3,3,-0.5940929256667167,nonTarget
10,Cz,3,-0.7419834752303858,nonTarget
10,C4,3,-0.200836834594322,nonTarget
10,Pz,3,-1.1648799136050214,nonTarget
10,Fz,4,-0.5469900517843541,nonTarget
10,Fc1,4,-0.39726062934544976,nonTarget
10,Fc2,4,-0.6947611858990255,nonTarget
10,C3,4,-0.3391977822435282,nonTarget
10,Cz,4,-0.8949717206234882,nonTarget
10,C4,4,-1.0620808752496356,nonTarget
10,Pz,4,-0.8674094079905877,nonTarget
11,Fz,1,3.7097975746496905,Target
11,Fc1,1,3.50079426047714,Target
11,Fc2,1,4.265063046877799,Target
11,C3,1,2.753250967859673,Target
11,Cz,1,4.538959140617147,Target
11,C4,1,3.918687908487489,Target
11,Pz,1,2.335989058772098,Target
11,Fz,2,5.819715347031371,Target
11,Fc1,2,6.5091115730418245,Target
11,Fc2,2,4.609372689905444,Target
11,C3,2,5.829954568960005,Target
11,Cz,2,5.609852963324217,Target
11,C4,2,2.3860232950309355,Target
11,Pz,2,3.042966213197325,Target
11,Fz,3,1.590445368137108,Target
11,Fc1,3,1.4299581641372754,Target
11,Fc2,3,1.5383245182183805,Target
11,C3,3,1.0426386979506348,Target
11,Cz,3,1.4548701782129743,Target
11,C4,3,0.5250407172218324,Target
11,Pz,3,-0.03026135523357712,Target
11,Fz,4,6.269759179136156,Target
11,Fc1,4,5.09286457901411,Target
11,Fc2,4,4.4596251038666015,Target
11,C3,4,3.7665023475430752,Target
11,Cz,4,4.086028878453649,Target
11,C4,4,3.072681910042627,Target
11,Pz,4,1.46953758425737,Target
11,Fz,1,-1.273730717074599,nonTarget
11,Fc1,1,-1.28276941902105,nonTarget
11,Fc2,1,-1.3832581171098712,nonTarget
11,C3,1,-1.3562113747502211,nonTarget
11,Cz,1,-1.5330005308930055,nonTarget
11,C4,1,-1.0738573562238973,nonTarget
11,Pz,1,-1.7678046272268544,nonTarget
11,Fz,2,0.5185029533592884,nonTarget
11,Fc1,2,1.2137203630002222,nonTarget
11,Fc2,2,0.3986153764305763,nonTarget
11,C3,2,0.8348509610335157,nonTarget
11,Cz,2,0.34945319368302674,nonTarget
11,C4,2,-0.6412436614023769,nonTarget
11,Pz,2,-0.24431370940817912,nonTarget
11,Fz,3,-2.1082745689106734,nonTarget
11,Fc1,3,-1.8634220924656812,nonTarget
11,Fc2,3,-1.900765852990507,nonTarget
11,C3,3,-1.5227640267407148,nonTarget
11,Cz,3,-1.9804113085296355,nonTarget
11,C4,3,-1.0834964351529948,nonTarget
11,Pz,3,-1.2581393255776891,nonTarget
11,Fz,4,0.7490874347152174,nonTarget
11,Fc1,4,0.2833722171913514,nonTarget
11,Fc2,4,0.17468285241741088,nonTarget
11,C3,4,0.5585631116504371,nonTarget
11,Cz,4,-0.39200024409663436,nonTarget
11,C4,4,-0.108281275353111,nonTarget
11,Pz,4,-0.10801175778971045,nonTarget
12,Fz,1,0.0634360456149614,Target
12,Fc1,1,0.5331061781093147,Target
12,Fc2,1,1.6896319428015176,Target
12,C3,1,-0.37992364719727706,Target
12,Cz,1,1.6383223063772734,Target
12,C4,1,1.5991821704003293,Target
12,Pz,1,-0.4249800300858308,Target
12,Fz,2,2.7286024495336836,Target
12,Fc1,2,2.2428708023485386,Target
12,Fc2,2,1.9132355962296588,Target
12,C3,2,1.7470090994920127,Target
12,Cz,2,2.203383662369149,Target
12,C4,2,1.5911681977126746,Target
12,Pz,2,0.647057914251757,Target
12,Fz,3,1.743676581495916,Target
12,Fc1,3,2.143836432292036,Target
12,Fc2,3,1.829168832749221,Target
12,C3,3,1.7451333750995737,Target
12,Cz,3,2.500054215325359,Target
12,C4,3,1.1542517261249703,Target
12,Pz,3,1.0071194441177045,Target
12,Fz,4,1.1499703290427847,Target
12,Fc1,4,2.2330426796995795,Target
12,Fc2,4,1.4095425149785155,Target
12,C3,4,1.8154560677244125,Target
12,Cz,4,1.908986929789964,Target
12,C4,4,0.31828279786792846,Target
12,Pz,4,1.3797218614409354,Target
12,Fz,1,-0.4994874654144964,nonTarget
12,Fc1,1,-0.9193629867778043,nonTarget
12,Fc2,1,-0.6539394156576883,nonTarget
12,C3,1,-0.8248281406950984,nonTarget
12,Cz,1,-1.1869438419934841,nonTarget
12,C4,1,-0.7991582637183867,nonTarget
12,Pz,1,-1.5000933670436938,nonTarget
12,Fz,2,0.060431681553713895,nonTarget
12,Fc1,2,-0.1179389465266384,nonTarget
12,Fc2,2,-0.6158023138670865,nonTarget
12,C3,2,0.029891078978331678,nonTarget
12,Cz,2,-0.5011120159220629,nonTarget
12,C4,2,-0.811968884135265,nonTarget
12,Pz,2,-0.7808280581443537,nonTarget
12,Fz,3,-0.31113796213726896,nonTarget
12,Fc1,3,-0.729995394402559,nonTarget
12,Fc2,3,-0.2901278108818518,nonTarget
12,C3,3,-0.5450401426302429,nonTarget
12,Cz,3,-0.9166622984181612,nonTarget
12,C4,3,-0.5170937825776225,nonTarget
12,Pz,3,-0.5649079010443216,nonTarget
12,Fz,4,0.7823566691254282,nonTarget
12,Fc1,4,0.8305523320381144,nonTarget
12,Fc2,4,-0.3356251829966491,nonTarget
12,C3,4,0.7599999580770098,nonTarget
12,Cz,4,-0.3328950828015151,nonTarget
12,C4,4,-0.5681229032775936,nonTarget
12,Pz,4,-0.1987806999494953,nonTarget
13,Fz,1,1.9086810814281105,Target
13,Fc1,1,1.7118703674518518,Target
13,Fc2,1,2.240353209090078,Target
13,C3,1,1.1803557784015593,Target
13,Cz,1,2.197553765705829,Target
13,C4,1,2.328552927371403,Target
13,Pz,1,0.1211283065892182,Target
13,Fz,2,1.454244790994148,Target
13,Fc1,2,2.184370350741531,Target
13,Fc2,2,1.5077472804351801,Target
13,C3,2,2.6434189116168936,Target
13,Cz,2,2.2999067288298063,Target
13,C4,2,1.2735776399583236,Target
13,Pz,2,0.9914525580821019,Target
13,Fz,3,3.7751202472850767,Target
13,Fc1,3,3.1640954654903033,Target
13,Fc2,3,2.8879068520863678,Target
13,C3,3,3.2779116805892574,Target
13,Cz,3,3.3995084524143464,Target
13,C4,3,2.3867751736196743,Target
13,Pz,3,1.3580011562647392,Target
13,Fz,4,4.100455470152864,Target
13,Fc1,4,3.5414161977285397,Target
13,Fc2,4,3.3073810333280873,Target
13,C3,4,2.727127192108765,Target
13,Cz,4,2.9220131878024627,Target
13,C4,4,2.3326564061167376,Target
13,Pz,4,1.6231664946895148,Target
13,Fz,1,1.2436833037931208,nonTarget
13,Fc1,1,0.7285579425350073,nonTarget
13,Fc2,1,1.0430057439382252,nonTarget
13,C3,1,0.32662038621729306,nonTarget
13,Cz,1,0.4219410462259558,nonTarget
13,C4,1,0.5825175087531471,nonTarget
13,Pz,1,-0.0033874746254051223,nonTarget
13,Fz,2,-0.21721005388028725,nonTarget
13,Fc1,2,-0.5447092741496937,nonTarget
13,Fc2,2,-1.014503168682629,nonTarget
13,C3,2,-0.3039057468256749,nonTarget
13,Cz,2,-0.9389011381539667,nonTarget
13,C4,2,-1.1273564171291124,nonTarget
13,Pz,2,-0.8968940558106268,nonTarget
13,Fz,3,-2.8487149480770206,nonTarget
13,Fc1,3,-2.1658302006315946,nonTarget
13,Fc2,3,-2.0133138181567407,nonTarget
13,C3,3,-2.145934844667906,nonTarget
13,Cz,3,-1.9704224036445597,nonTarget
13,C4,3,-1.607499413523237,nonTarget
13,Pz,3,-0.9987772319163877,nonTarget
13,Fz,4,0.6035441823453803,nonTarget
13,Fc1,4,0.4574835936485111,nonTarget
13,Fc2,4,-0.02120717382838226,nonTarget
13,C3,4,0.31603992054952224,nonTarget
13,Cz,4,-0.18144261899168204,nonTarget
13,C4,4,-0.3548571171698527,nonTarget
13,Pz,4,-0.18289084301333794,nonTarget
14,Fz,1,1.556562278562543,Target
14,Fc1,1,1.97152085063562,Target
14,Fc2,1,2.9165564736375833,Target
14,C3,1,1.8538187439599971,Target
14,Cz,1,2.610291033411964,Target
14,C4,1,2.709549786233189,Target
14,Pz,1,2.401091316429085,Target
14,Fz,2,3.142906895914797,Target
14,Fc1,2,3.9134789939525767,Target
14,Fc2,2,3.5242699837116653,Target
14,C3,2,3.7929194115236675,Target
14,Cz,2,4.138566501529606,Target
14,C4,2,3.0925731000732175,Target
14,Pz,2,2.7981773916978145,Target
14,Fz,3,1.6758796747716556,Target
14,Fc1,3,1.7875103289314422,Target
14,Fc2,3,2.5100346431041975,Target
14,C3,3,0.6988869266866523,Target
14,Cz,3,1.9557837441121801,Target
14,C4,3,1.4149867184279579,Target
14,Pz,3,0.14402995869309948,Target
14,Fz,4,5.232772189620325,Target
14,Fc1,4,5.153581551229366,Target
14,Fc2,4,4.091352066587996,Target
14,C3,4,4.401096254833945,Target
14,Cz,4,4.480391398815024,Target
14,C4,4,2.794659102056917,Target
14,Pz,4,2.952285153606356,Target
14,Fz,1,0.4450036070786393,nonTarget
14,Fc1,1,-0.05381547198813603,nonTarget
14,Fc2,1,-0.023815367223138255,nonTarget
14,C3,1,-0.29637845529543017,nonTarget
14,Cz,1,-0.5044981537344396,nonTarget
14,C4,1,-0.11556690172609459,nonTarget
14,Pz,1,-0.8031728016160643,nonTarget
14,Fz,2,1.0407091749438329,nonTarget
14,Fc1,2,0.8028363410304514,nonTarget
14,Fc2,2,0.37136480125325233,nonTarget
14,C3,2,0.5995132102089371,nonTarget
14,Cz,2,0.0927567988784493,nonTarget
14,C4,2,-0.05332077620909902,nonTarget
14,Pz,2,-0.8226994451696485,nonTarget
14,Fz,3,-1.2830602481600688,nonTarget
14,Fc1,3,-1.049539028114155,nonTarget
14,Fc2,3,-1.078602728753338,nonTarget
14,C3,3,-1.2296689274455996,nonTarget
14,Cz,3,-1.2454153334313678,nonTarget
14,C4,3,-1.0915505013074853,nonTarget
14,Pz,3,-1.223430416391241,nonTarget
14,Fz,4,0.11008790865372808,nonTarget
14,Fc1,4,-0.4268222171957724,nonTarget
14,Fc2,4,-0.524820512290191,nonTarget
14,C3,4,-0.32603977084208985,nonTarget
14,Cz,4,-1.09546747927017,nonTarget
14,C4,4,-0.458197772485237,nonTarget
14,Pz,4,-1.39876562496853,nonTarget
15,Fz,1,0.40071235499713953,Target
15,Fc1,1,1.348488272884235,Target
15,Fc2,1,1.5453675586097724,Target
15,C3,1,-0.05785322895362427,Target
15,Cz,1,0.9353534622179669,Target
15,C4,1,1.0566883252871992,Target
15,Pz,1,-0.4463750283371164,Target
15,Fz,2,2.808698717547245,Target
15,Fc1,2,4.3177243541273205,Target
15,Fc2,2,3.0449072693767922,Target
15,C3,2,4.182253929235227,Target
15,Cz,2,4.2380406601151694,Target
15,C4,2,1.7946075957347094,Target
15,Pz,2,2.138941820816481,Target
15,Fz,3,2.6520660949670996,Target
15,Fc1,3,2.9609067635625554,Target
15,Fc2,3,2.7484199319060028,Target
15,C3,3,2.0676346705515947,Target
15,Cz,3,3.07036435633562,Target
15,C4,3,2.6044105548576173,Target
15,Pz,3,1.4354465395095413,Target
15,Fz,4,4.1294262594137985,Target
15,Fc1,4,4.9189955679921695,Target
15,Fc2,4,3.578139096924544,Target
15,C3,4,4.289078543038308,Target
15,Cz,4,3.5745740682214198,Target
15,C4,4,2.241473427047103,Target
15,Pz,4,1.5846469962654766,Target
15,Fz,1,-1.755664544785781,nonTarget
15,Fc1,1,-2.006611439275766,nonTarget
15,Fc2,1,-1.0890222233979487,nonTarget
15,C3,1,-2.020050062798171,nonTarget
15,Cz,1,-1.7393487856137357,nonTarget
15,C4,1,-0.6113101137076367,nonTarget
15,Pz,1,-1.7166432155038087,nonTarget
15,Fz,2,-0.9386850481358653,nonTarget
15,Fc1,2,-0.7513067545453664,nonTarget
15,Fc2,2,-1.2193194219397792,nonTarget
15,C3,2,-0.409386943360687,nonTarget
15,Cz,2,-0.900025531328212,nonTarget
15,C4,2,-1.3437457114655138,nonTarget
15,Pz,2,-1.251647953152325,nonTarget
15,Fz,3,-0.2637263424529857,nonTarget
15,Fc1,3,-0.9107385612950101,nonTarget
15,Fc2,3,-0.07890587617645986,nonTarget
15,C3,3,-1.2436755318813963,nonTarget
15,Cz,3,-0.6399842105326601,nonTarget
15,C4,3,-0.1859671031823921,nonTarget
15,Pz,3,-1.188752629511766,nonTarget
15,Fz,4,-0.41771638531060773,nonTarget
15,Fc1,4,-0.24144409256474142,nonTarget
15,Fc2,4,-0.8521554711798095,nonTarget
15,C3,4,0.23725967402078482,nonTarget
15,Cz,4,-0.9051805990284005,nonTarget
15,C4,4,-1.1267395589291418,nonTarget
15,Pz,4,-1.073178097260055,nonTarget
16,Fz,1,2.6209337564483723,Target
16,Fc1,1,1.5400686216183275,Target
16,Fc2,1,3.1574275611766063,Target
16,C3,1,0.8298118677781413,Target
16,Cz,1,2.2182282184878277,Target
16,C4,1,1.7434439732272362,Target
16,Pz,1,0.42928885444415243,Target
16,Fz,2,3.122278715022942,Target
16,Fc1,2,3.4112987221875755,Target
16,Fc2,2,2.8893401926743163,Target
16,C3,2,3.6081585222381354,Target
16,Cz,2,3.1399179985383245,Target
16,C4,2,1.9417664144699727,Target
16,Pz,2,1.4614227020128063,Target
16,Fz,3,3.076243714726858,Target
16,Fc1,3,2.811842668144025,Target
16,Fc2,3,2.7217614271627273,Target
16,C3,3,1.8378454634905765,Target
16,Cz,3,2.3435236026805994,Target
16,C4,3,1.5757873699568945,Target
16,Pz,3,1.2372741206672888,Target
16,Fz,4,3.428945421615373,Target
16,Fc1,4,4.541335767791276,Target
16,Fc2,4,2.0575253432571383,Target
16,C3,4,4.082029418519387,Target
16,Cz,4,3.2242419224923577,Target
16,C4,4,1.5551204037361295,Target
16,Pz,4,1.6372143325738524,Target
16,Fz,1,-1.2048102566635477,nonTarget
16,Fc1,1,-1.2373927477648898,nonTarget
16,Fc2,1,-0.7063185510846239,nonTarget
16,C3,1,-1.2251615408562513,nonTarget
16,Cz,1,-1.0625910843438948,nonTarget
16,C4,1,-0.4726311929837297,nonTarget
16,Pz,1,-0.9760176254344579,nonTarget
16,Fz,2,-0.33705417895956613,nonTarget
16,Fc1,2,-0.01986826510583679,nonTarget
16,Fc2,2,-0.1672497781817413,nonTarget
16,C3,2,0.13094423277998896,nonTarget
16,Cz,2,-0.13061347670030332,nonTarget
16,C4,2,-0.3107028137046203,nonTarget
16,Pz,2,-0.6158800675760666,nonTarget
16,Fz,3,-2.182348566527052,nonTarget
16,Fc1,3,-1.6570706520293916,nonTarget
16,Fc2,3,-1.5226530607926394,nonTarget
16,C3,3,-1.3167855339016303,nonTarget
16,Cz,3,-1.2709035603973988,nonTarget
16,C4,3,-0.5985261753283575,nonTarget
16,Pz,3,-1.0515638319835685,nonTarget
16,Fz,4,0.23394804414504194,nonTarget
16,Fc1,4,-0.10599959419830876,nonTarget
16,Fc2,4,-0.3672640084038899,nonTarget
16,C3,4,0.04307318340408085,nonTarget
16,Cz,4,-0.8696143471178689,nonTarget
16,C4,4,-0.0988929799662679,nonTarget
16,Pz,4,-0.8349880954846793,nonTarget
17,Fz,1,0.313073857199771,Target
17,Fc1,1,1.05522764335889,Target
17,Fc2,1,1.749886315174991,Target
17,C3,1,0.1496024251188346,Target
17,Cz,1,2.240183217976634,Target
17,C4,1,1.7945152784908946,Target
17,Pz,1,0.5180352036343275,Target
17,Fz,2,3.328235146510293,Target
17,Fc1,2,3.397918848577926,Target
17,Fc2,2,3.19835195812471,Target
17,C3,2,2.289160759131178,Target
17,Cz,2,2.3816513540754114,Target
17,C4,2,1.9821744924422975,Target
17,Pz,2,0.6581786373474262,Target
17,Fz,3,3.0602072216905887,Target
17,Fc1,3,4.2693861438170035,Target
17,Fc2,3,3.6654568371386844,Target
17,C3,3,2.925542682561703,Target
17,Cz,3,4.889566716035124,Target
17,C4,3,2.102911534006958,Target
17,Pz,3,2.453991672478847,Target
17,Fz,4,4.341293347226764,Target
17,Fc1,4,4.965944791321681,Target
17,Fc2,4,4.270416432661801,Target
17,C3,4,4.02876447267556,Target
17,Cz,4,4.322250815010058,Target
17,C4,4,2.2282387452830057,Target
17,Pz,4,2.825297884092195,Target
17,Fz,1,1.2533104693559927,nonTarget
17,Fc1,1,-0.012687895998471439,nonTarget
17,Fc2,1,0.23132132435691805,nonTarget
17,C3,1,-0.34905184100755726,nonTarget
17,Cz,1,-0.34266972731963274,nonTarget
17,C4,1,0.03712800940967596,nonTarget
17,Pz,1,-0.6753637558071669,nonTarget
17,Fz,2,-1.2785242717110505,nonTarget
17,Fc1,2,-1.319197648176476,nonTarget
17,Fc2,2,-1.3469502560410387,nonTarget
17,C3,2,-1.0863571019739482,nonTarget
17,Cz,2,-1.0403456336080499,nonTarget
17,C4,2,-1.1110165760799973,nonTarget
17,Pz,2,-2.2283759936606256,nonTarget
17,Fz,3,0.5656062528343003,nonTarget
17,Fc1,3,-0.0926224576030227,nonTarget
17,Fc2,3,-0.07094436965438478,nonTarget
17,C3,3,0.2533896934780836,nonTarget
17,Cz,3,-1.0002829877918544,nonTarget
17,C4,3,-0.28852886355181345,nonTarget
17,Pz,3,-0.4872417851772696,nonTarget
17,Fz,4,2.831864308570991,nonTarget
17,Fc1,4,1.3543249016458725,nonTarget
17,Fc2,4,1.2192656565537872,nonTarget
17,C3,4,0.8099865832503814,nonTarget
17,Cz,4,0.32041891891669416,nonTarget
17,C4,4,0.7252520990609586,nonTarget
17,Pz,4,0.0007830832398031439,nonTarget
18,Fz,1,2.5921273606246187,Target
18,Fc1,1,2.6778986628500485,Target
18,Fc2,1,3.312787704988538,Target
18,C3,1,2.0640566291823843,Target
18,Cz,1,3.7611648959409676,Target
18,C4,1,3.3514998991578935,Target
18,Pz,1,1.5302731878511362,Target
18,Fz,2,4.089226885094005,Target
18,Fc1,2,5.206961502719365,Target
18,Fc2,2,4.217294587442397,Target
18,C3,2,4.820518239853848,Target
18,Cz,2,5.365949468515634,Target
18,C4,2,2.663326315210325,Target
18,Pz,2,3.042936967916345,Target
18,Fz,3,0.9666466456771983,Target
18,Fc1,3,1.9075995898133238,Target
18,Fc2,3,1.9401042871534067,Target
18,C3,3,1.4995236358407817,Target
18,Cz,3,2.702667778537431,Target
18,C4,3,2.137575868468569,Target
18,Pz,3,1.9167016410462898,Target
18,Fz,4,2.3827525828210065,Target
18,Fc1,4,3.638012557576573,Target
18,Fc2,4,2.6654614986408767,Target
18,C3,4,3.3265327795523936,Target
18,Cz,4,3.5906771746053945,Target
18,C4,4,1.9637225611442624,Target
18,Pz,4,2.1605473964529383,Target
18,Fz,1,-0.553540719628062,nonTarget
18,Fc1,1,-0.6203637222857925,nonTarget
18,Fc2,1,-0.5368908459568996,nonTarget
18,C3,1,-0.9099967006396884,nonTarget
18,Cz,1,-0.8216256095559984,nonTarget
18,C4,1,-0.5793975456884967,nonTarget
18,Pz,1,-0.88613614791912,nonTarget
18,Fz,2,1.282463538332863,nonTarget
18,Fc1,2,0.47376491125563647,nonTarget
18,Fc2,2,0.5711917328150149,nonTarget
18,C3,2,0.36048577477383553,nonTarget
18,Cz,2,0.008621629056974483,nonTarget
18,C4,2,0.087982244370367,nonTarget
18,Pz,2,-0.6345778854468426,nonTarget
18,Fz,3,-1.6326939929036186,nonTarget
18,Fc1,3,-1.7901195770282503,nonTarget
18,Fc2,3,-1.4994840233449975,nonTarget
18,C3,3,-1.5580353386465344,nonTarget
18,Cz,3,-1.770891847982089,nonTarget
18,C4,3,-1.0018710088095881,nonTarget
18,Pz,3,-1.3723776227367501,nonTarget
18,Fz,4,-0.9854150372985813,nonTarget
18,Fc1,4,-1.0720915983139623,nonTarget
18,Fc2,4,-1.4310039786427176,nonTarget
18,C3,4,-0.8956147899156889,nonTarget
18,Cz,4,-1.907759749494574,nonTarget
18,C4,4,-1.5202911995384012,nonTarget
18,Pz,4,-1.7738578938635738,nonTarget
19,Fz,1,4.324730943672627,Target
19,Fc1,1,3.4436009839038357,Target
19,Fc2,1,4.0155287299804945,Target
19,C3,1,2.2431570646685794,Target
19,Cz,1,2.9464197483934282,Target
19,C4,1,3.128926331567353,Target
19,Pz,1,0.8719606537871258,Target
19,Fz,2,3.7798909592757512,Target
19,Fc1,2,4.128844469688005,Target
19,Fc2,2,3.6254692191927687,Target
19,C3,2,3.7003209765078706,Target
19,Cz,2,3.784485683680496,Target
19,C4,2,2.5755735024141004,Target
19,Pz,2,1.792682703985876,Target
19,Fz,3,2.784958160372056,Target
19,Fc1,3,1.7594995662685338,Target
19,Fc2,3,2.936665324655774,Target
19,C3,3,1.072745465300966,Target
19,Cz,3,1.7419995104390282,Target
19,C4,3,2.5380969363138797,Target
19,Pz,3,0.10539454533496967,Target
19,Fz,4,4.014190689199355,Target
19,Fc1,4,5.06373251273104,Target
19,Fc2,4,3.6060377017959144,Target
19,C3,4,4.333997276918629,Target
19,Cz,4,4.185158882259367,Target
19,C4,4,1.933587917910575,Target
19,Pz,4,1.839765575120539,Target
19,Fz,1,-0.5344994764473777,nonTarget
19,Fc1,1,-1.167240336991383,nonTarget
19,Fc2,1,-0.7833287507990173,nonTarget
19,C3,1,-1.3649252300588652,nonTarget
19,Cz,1,-1.3995981211532853,nonTarget
19,C4,1,-0.6975646859378093,nonTarget
19,Pz,1,-2.0053690250742955,nonTarget
19,Fz,2,-0.08079315794625526,nonTarget
19,Fc1,2,-0.385008515535817,nonTarget
19,Fc2,2,-0.5040066716838634,nonTarget
19,C3,2,-0.3668891042860277,nonTarget
19,Cz,2,-0.7011613568931306,nonTarget
19,C4,2,-0.7915869240021618,nonTarget
19,Pz,2,-0.9490145950449698,nonTarget
19,Fz,3,-2.7428407688286063,nonTarget
19,Fc1,3,-2.2447310922770796,nonTarget
19,Fc2,3,-2.0571637422724303,nonTarget
19,C3,3,-2.0338800031205633,nonTarget
19,Cz,3,-1.9421354746198147,nonTarget
19,C4,3,-1.4215253172130389,nonTarget
19,Pz,3,-1.5598293032177306,nonTarget
19,Fz,4,0.46466177724016944,nonTarget
19,Fc1,4,0.9305088917318884,nonTarget
19,Fc2,4,0.23074495390140412,nonTarget
19,C3,4,1.0506482386333031,nonTarget
19,Cz,4,0.650510613501392,nonTarget
19,C4,4,-0.14534995805662634,nonTarget
19,Pz,4,0.08531756640916988,nonTarget
20,Fz,1,1.5190871477429013,Target
20,Fc1,1,1.3845330568353895,Target
20,Fc2,1,2.1023636750403343,Target
20,C3,1,0.7068665435555099,Target
20,Cz,1,1.7908419057652714,Target
20,C4,1,1.9103775174734945,Target
20,Pz,1,1.0489905119838656,Target
20,Fz,2,4.263292056275873,Target
20,Fc1,2,5.371966930028252,Target
20,Fc2,2,4.352052898998727,Target
20,C3,2,5.119152382673279,Target
20,Cz,2,5.151202442336634,Target
20,C4,2,2.5897745087126847,Target
20,Pz,2,2.5526436326640733,Target
20,Fz,3,2.751491753901804,Target
20,Fc1,3,2.1367101519598304,Target
20,Fc2,3,3.347222198286877,Target
20,C3,3,0.7376879455425693,Target
20,Cz,3,2.598460452135488,Target
20,C4,3,2.3880141758548605,Target
20,Pz,3,0.729450459031759,Target
20,Fz,4,1.8316911032962175,Target
20,Fc1,4,2.7400521310240897,Target
20,Fc2,4,2.3577818748300476,Target
20,C3,4,2.220581971404502,Target
20,Cz,4,3.224608748983253,Target
20,C4,4,1.7703772291608348,Target
20,Pz,4,2.209687989517518,Target
20,Fz,1,-0.9166087893947098,nonTarget
20,Fc1,1,-0.6654337624033991,nonTarget
20,Fc2,1,-0.503115969652167,nonTarget
20,C3,1,-0.5349045660460153,nonTarget
20,Cz,1,-0.9793942475922655,nonTarget
20,C4,1,-0.39845879633081704,nonTarget
20,Pz,1,-1.0514497523678341,nonTarget
20,Fz,2,0.7178952633392508,nonTarget
20,Fc1,2,0.753816263780285,nonTarget
20,Fc2,2,0.26570602662315523,nonTarget
20,C3,2,0.7221024393598304,nonTarget
20,Cz,2,-0.054909237095486535,nonTarget
20,C4,2,-0.1770764467387461,nonTarget
20,Pz,2,-0.2595895440973581,nonTarget
20,Fz,3,0.7550565091963053,nonTarget
20,Fc1,3,0.4699183981437957,nonTarget
20,Fc2,3,0.2963377625077632,nonTarget
20,C3,3,0.15579754672445978,nonTarget
20,Cz,3,-0.00923994276594563,nonTarget
20,C4,3,0.057433741592505444,nonTarget
20,Pz,3,0.05051043644379868,nonTarget
20,Fz,4,-0.5990062130291521,nonTarget
20,Fc1,4,-0.7639273717560526,nonTarget
20,Fc2,4,-1.1010747621266517,nonTarget
20,C3,4,-0.6093741822086663,nonTarget
20,Cz,4,-1.0514274410297286,nonTarget
20,C4,4,-1.0646339231572108,nonTarget
20,Pz,4,-1.196662019847957,nonTarget
21,Fz,1,-0.2228069986372593,Target
21,Fc1,1,0.5967783644300076,Target
21,Fc2,1,2.0780851362734594,Target
21,C3,1,0.042251225799538356,Target
21,Cz,1,1.8849988855903759,Target
21,C4,1,2.390472565700597,Target
21,Pz,1,1.2014669140892371,Target
21,Fz,2,2.107826629386188,Target
21,Fc1,2,2.7846171410941745,Target
21,Fc2,2,2.2238716488806602,Target
21,C3,2,2.795574412815656,Target
21,Cz,2,2.4539778997877697,Target
21,C4,2,1.7383494293895367,Target
21,Pz,2,1.4390594719826124,Target
21,Fz,3,2.6244777043911816,Target
21,Fc1,3,1.677522728543897,Target
21,Fc2,3,2.523049888098112,Target
21,C3,3,1.376362651432134,Target
21,Cz,3,1.90662696877668,Target
21,C4,3,1.8245450081811352,Target
21,Pz,3,0.15256747841071475,Target
21,Fz,4,4.125657277839643,Target
21,Fc1,4,4.127476496813729,Target
21,Fc2,4,3.1630688007578107,Target
21,C3,4,3.859527778088208,Target
21,Cz,4,3.528839755871535,Target
21,C4,4,1.9871753143556508,Target
21,Pz,4,1.9743102060340592,Target
21,Fz,1,-0.6993222689429777,nonTarget
21,Fc1,1,-1.1988996801606397,nonTarget
21,Fc2,1,-0.6517768598642235,nonTarget
21,C3,1,-1.4792551766704258,nonTarget
21,Cz,1,-1.127431153598749,nonTarget
21,C4,1,-0.2415066740158567,nonTarget
21,Pz,1,-0.9925727049745134,nonTarget
21,Fz,2,0.18560584962216825,nonTarget
21,Fc1,2,-0.14533337824366893,nonTarget
21,Fc2,2,-0.26466184280835153,nonTarget
21,C3,2,-0.16440851367564785,nonTarget
21,Cz,2,-0.8430295272458115,nonTarget
21,C4,2,-0.6356250074581378,nonTarget
21,Pz,2,-0.8800622692940765,nonTarget
21,Fz,3,0.9197397991792562,nonTarget
21,Fc1,3,0.4633975747139094,nonTarget
21,Fc2,3,0.19005126466172967,nonTarget
21,C3,3,0.13685519565505727,nonTarget
21,Cz,3,-0.18099492340040868,nonTarget
21,C4,3,-0.11366881137352898,nonTarget
21,Pz,3,-0.47875084456934053,nonTarget
21,Fz,4,-0.4620088090644539,nonTarget
21,Fc1,4,0.07656177909615763,nonTarget
21,Fc2,4,-0.6091169352176473,nonTarget
21,C3,4,0.39000182087460256,nonTarget
21,Cz,4,-0.336459312091547,nonTarget
21,C4,4,-0.8113096281098553,nonTarget
21,Pz,4,-0.5325659265404643,nonTarget
22,Fz,1,2.842656998032072,Target
22,Fc1,1,2.2523312480187085,Target
22,Fc2,1,2.9178060439290467,Target
22,C3,1,1.6556186023176522,Target
22,Cz,1,2.6479131911255536,Target
22,C4,1,2.64319574508286,Target
22,Pz,1,1.2749404852441142,Target
22,Fz,2,3.8450542571462742,Target
22,Fc1,2,4.585604673696556,Target
22,Fc2,2,3.844870617479261,Target
22,C3,2,4.457057377901078,Target
22,Cz,2,4.943403290219058,Target
22,C4,2,2.706663683712112,Target
22,Pz,2,3.114257205584324,Target
22,Fz,3,4.925551097822472,Target
22,Fc1,3,4.637367040924366,Target
22,Fc2,3,4.608845896301121,Target
22,C3,3,3.796449729086498,Target
22,Cz,3,4.357248537540227,Target
22,C4,3,3.624282330578497,Target
22,Pz,3,2.2780211891036606,Target
22,Fz,4,1.741754439759292,Target
22,Fc1,4,3.1160485763628296,Target
22,Fc2,4,1.960568125994554,Target
22,C3,4,3.1169888847672924,Target
22,Cz,4,2.740064429838037,Target
22,C4,4,0.7782816539513413,Target
22,Pz,4,0.8782385079536221,Target
22,Fz,1,-0.5879314125494135,nonTarget
22,Fc1,1,-1.5981862581979898,nonTarget
22,Fc2,1,-1.0597633270162061,nonTarget
22,C3,1,-2.1690231287112516,nonTarget
22,Cz,1,-1.734020138871347,nonTarget
22,C4,1,-0.6984980716687859,nonTarget
22,Pz,1,-2.1376667850950346,nonTarget
22,Fz,2,-0.418415615063986,nonTarget
22,Fc1,2,-0.5611009091863514,nonTarget
22,Fc2,2,-0.7697742296362728,nonTarget
22,C3,2,-0.6045430129030407,nonTarget
22,Cz,2,-0.8822916919190045,nonTarget
22,C4,2,-0.9749216347231953,nonTarget
22,Pz,2,-0.7422413687073695,nonTarget
22,Fz,3,0.24305748279852776,nonTarget
22,Fc1,3,-1.0595373460970532,nonTarget
22,Fc2,3,-0.7754234892406828,nonTarget
22,C3,3,-1.2388996386841926,nonTarget
22,Cz,3,-1.722369062276082,nonTarget
22,C4,3,-0.58443645172692,nonTarget
22,Pz,3,-1.9588814527154144,nonTarget
22,Fz,4,-0.21904871817229388,nonTarget
22,Fc1,4,0.1733849400242774,nonTarget
22,Fc2,4,-0.32337835046073415,nonTarget
22,C3,4,0.8062031634164462,nonTarget
22,Cz,4,-0.49861212989553527,nonTarget
22,C4,4,-0.9369804483597481,nonTarget
22,Pz,4,-0.5001587436297116,nonTarget
23,Fz,1,1.3428389382093109,Target
23,Fc1,1,2.1184247896775554,Target
23,Fc2,1,1.6880110142834035,Target
23,C3,1,2.328928438957874,Target
23,Cz,1,2.2878841901683042,Target
23,C4,1,1.5592934102582352,Target
23,Pz,1,1.172689080307881,Target
23,Fz,2,1.3095034138034958,Target
23,Fc1,2,2.490787242183393,Target
23,Fc2,2,1.5593941493983174,Target
23,C3,2,2.329590902663494,Target
23,Cz,2,2.929002866762741,Target
23,C4,2,1.5355202060447666,Target
23,Pz,2,1.1163970796189167,Target
23,Fz,3,1.1512479892272447,Target
23,Fc1,3,1.138946632662146,Target
23,Fc2,3,1.9455731214503844,Target
23,C3,3,0.6866434991652357,Target
23,Cz,3,1.6812594430033057,Target
23,C4,3,2.2006222263619266,Target
23,Pz,3,0.7215570132632905,Target
23,Fz,4,0.5345820925538229,Target
23,Fc1,4,2.2893964344793334,Target
23,Fc2,4,1.0217075285033126,Target
23,C3,4,3.1103467560330618,Target
23,Cz,4,1.8452440218917108,Target
23,C4,4,0.04916316784305233,Target
23,Pz,4,1.3508466147627234,Target
23,Fz,1,-1.4115895772015348,nonTarget
23,Fc1,1,-1.9116292191187214,nonTarget
23,Fc2,1,-1.1564706028068668,nonTarget
23,C3,1,-1.9230907336742997,nonTarget
23,Cz,1,-1.6582567550447926,nonTarget
23,C4,1,-0.8642365661792628,nonTarget
23,Pz,1,-1.5652446914700118,nonTarget
23,Fz,2,-0.2967537966967062,nonTarget
23,Fc1,2,-0.8654464425011557,nonTarget
23,Fc2,2,-0.5065505048225477,nonTarget
23,C3,2,-1.0111441805551962,nonTarget
23,Cz,2,-0.9489475824039911,nonTarget
23,C4,2,-0.4375262677474057,nonTarget
23,Pz,2,-1.2319253310137506,nonTarget
23,Fz,3,0.7293806730226832,nonTarget
23,Fc1,3,0.21013489320509546,nonTarget
23,Fc2,3,0.6381612489692992,nonTarget
23,C3,3,-0.10341960825576285,nonTarget
23,Cz,3,0.03395991647045012,nonTarget
23,C4,3,0.5852378145572099,nonTarget
23,Pz,3,-0.13958256045426587,nonTarget
23,Fz,4,1.2762143062980098,nonTarget
23,Fc1,4,1.4669815731485554,nonTarget
23,Fc2,4,0.5647490391149232,nonTarget
23,C3,4,1.786845402799699,nonTarget
23,Cz,4,0.6193217770397564,nonTarget
23,C4,4,-0.4067412257212283,nonTarget
23,Pz,4,0.36065850672226607,nonTarget
24,Fz,1,-0.10874465008148339,Target
24,Fc1,1,1.555382328592108,Target
24,Fc2,1,2.174381740090193,Target
24,C3,1,1.6304375579060872,Target
24,Cz,1,3.3315324137460673,Target
24,C4,1,3.0192584558452027,Target
24,Pz,1,2.2530046849459033,Target
24,Fz,2,-0.7450215516234345,Target
24,Fc1,2,1.6292366121789859,Target
24,Fc2,2,0.7170354368449798,Target
24,C3,2,2.2639824784394014,Target
24,Cz,2,2.3111328325019884,Target
24,C4,2,0.9331241849735588,Target
24,Pz,2,2.259857812143923,Target
24,Fz,3,3.0077710305799616,Target
24,Fc1,3,3.2561048786105014,Target
24,Fc2,3,2.84483608070466,Target
24,C3,3,1.9490322483259934,Target
24,Cz,3,3.2163494948173366,Target
24,C4,3,2.5494049966407215,Target
24,Pz,3,1.851861269442199,Target
24,Fz,4,2.5853248018918706,Target
24,Fc1,4,3.5732536552747165,Target
24,Fc2,4,2.5484705543893895,Target
24,C3,4,3.429112335360341,Target
24,Cz,4,3.6259882115692443,Target
24,C4,4,2.0855669746665058,Target
24,Pz,4,2.1162331017527563,Target
24,Fz,1,-0.350265456941729,nonTarget
24,Fc1,1,-1.0163514982847839,nonTarget
24,Fc2,1,-0.33947343763109883,nonTarget
24,C3,1,-1.0079414013954435,nonTarget
24,Cz,1,-0.8760798933308348,nonTarget
24,C4,1,-0.14407217739429276,nonTarget
24,Pz,1,-1.0011344698358615,nonTarget
24,Fz,2,0.7545425202088758,nonTarget
24,Fc1,2,-0.01911622912938833,nonTarget
24,Fc2,2,0.12343279573368747,nonTarget
24,C3,2,-0.35624746888901154,nonTarget
24,Cz,2,-0.6727409887728664,nonTarget
24,C4,2,-0.30186803824461134,nonTarget
24,Pz,2,-0.8957490434733801,nonTarget
24,Fz,3,-0.5689496784088688,nonTarget
24,Fc1,3,-0.8463804858591543,nonTarget
24,Fc2,3,-0.7723185761005291,nonTarget
24,C3,3,-0.8996306957067374,nonTarget
24,Cz,3,-1.3500499298031474,nonTarget
24,C4,3,-0.8940995156064983,nonTarget
24,Pz,3,-1.1781024671016262,nonTarget
24,Fz,4,-1.5442561393187475,nonTarget
24,Fc1,4,-1.265158243570315,nonTarget
24,Fc2,4,-1.6569024587143293,nonTarget
24,C3,4,-0.9565982495433266,nonTarget
24,Cz,4,-1.6186398767903665,nonTarget
24,C4,4,-1.973229677139632,nonTarget
24,Pz,4,-1.8076491067094884,nonTarget
25,Fz,1,1.1749563648804715,Target
25,Fc1,1,1.0228937493550057,Target
25,Fc2,1,1.325285624280042,Target
25,C3,1,-0.31779323654985114,Target
25,Cz,1,1.666478681036942,Target
25,C4,1,0.890742277300802,Target
25,Pz,1,-0.009411220078812543,Target
25,Fz,2,3.1735794142173166,Target
25,Fc1,2,4.084624262981356,Target
25,Fc2,2,2.8509524548647036,Target
25,C3,2,2.6808985455930188,Target
25,Cz,2,3.4595520031723135,Target
25,C4,2,2.069081417224164,Target
25,Pz,2,1.7230564782336848,Target
25,Fz,3,2.3411559115730007,Target
25,Fc1,3,1.239651819340393,Target
25,Fc2,3,1.7725231774196821,Target
25,C3,3,1.9094840594161533,Target
25,Cz,3,2.668766299296777,Target
25,C4,3,1.4127692895039163,Target
25,Pz,3,1.007425385178676,Target
25,Fz,4,3.5411898643736492,Target
25,Fc1,4,4.782904320661228,Target
25,Fc2,4,3.325310979219685,Target
25,C3,4,3.932478813378826,Target
25,Cz,4,4.226439688833759,Target
25,C4,4,2.4225145174536946,Target
25,Pz,4,2.852221939201927,Target
25,Fz,1,-0.5342741606216159,nonTarget
25,Fc1,1,-1.44358688877502,nonTarget
25,Fc2,1,-0.6999044313253078,nonTarget
25,C3,1,-0.7179029850497088,nonTarget
25,Cz,1,-1.1096090229585607,nonTarget
25,C4,1,-0.4119658213897122,nonTarget
25,Pz,1,-0.9100509745787404,nonTarget
25,Fz,2,-0.4471405734069606,nonTarget
25,Fc1,2,0.12739991038589937,nonTarget
25,Fc2,2,-0.6650428986037126,nonTarget
25,C3,2,0.11317640569925387,nonTarget
25,Cz,2,-1.1578976120651472,nonTarget
25,C4,2,-0.9163213207227925,nonTarget
25,Pz,2,-1.1236666617084574,nonTarget
25,Fz,3,-0.5641494257717058,nonTarget
25,Fc1,3,-1.719216438197491,nonTarget
25,Fc2,3,-0.6408990652075796,nonTarget
25,C3,3,-1.0170025519782966,nonTarget
25,Cz,3,-1.3027438300410212,nonTarget
25,C4,3,-0.3294051546691057,nonTarget
25,Pz,3,-1.332228792550666,nonTarget
25,Fz,4,-0.27427678772314196,nonTarget
25,Fc1,4,0.6395598442099746,nonTarget
25,Fc2,4,-0.3788780449932241,nonTarget
25,C3,4,-0.5430632253896045,nonTarget
25,Cz,4,-0.8500903280432076,nonTarget
25,C4,4,-0.7843732157611158,nonTarget
25,Pz,4,-0.7129124521696696,nonTarget
26,Fz,1,-1.68494230279822,Target
26,Fc1,1,1.5156637417259096,Target
26,Fc2,1,0.37010313642350745,Target
26,C3,1,-0.8005587829590284,Target
26,Cz,1,0.7581292791146159,Target
26,C4,1,1.0573769784991622,Target
26,Pz,1,-0.7894097309869377,Target
26,Fz,2,4.885254340350918,Target
26,Fc1,2,5.917582723398073,Target
26,Fc2,2,4.069876143766681,Target
26,C3,2,4.8488158013819,Target
26,Cz,2,5.224790018730371,Target
26,C4,2,3.095092499628924,Target
26,Pz,2,2.861922206807543,Target
26,Fz,3,0.19288409072258483,Target
26,Fc1,3,2.1301123758562808,Target
26,Fc2,3,1.2418955591091785,Target
26,C3,3,0.8678522456398612,Target
26,Cz,3,2.3152344200203645,Target
26,C4,3,1.8072303227126834,Target
26,Pz,3,1.0344049184023543,Target
26,Fz,4,4.545418011017901,Target
26,Fc1,4,6.8516690061654835,Target
26,Fc2,4,3.2080154917861448,Target
26,C3,4,4.577261943532314,Target
26,Cz,4,3.7862824242002393,Target
26,C4,4,2.1894732430253443,Target
26,Pz,4,1.640732111822262,Target
26,Fz,1,-1.4575923398368158,nonTarget
26,Fc1,1,-0.5872490914001405,nonTarget
26,Fc2,1,-0.986103434929815,nonTarget
26,C3,1,-2.4801408413921395,nonTarget
26,Cz,1,-1.7446213567665922,nonTarget
26,C4,1,-0.8503764004646511,nonTarget
26,Pz,1,-1.7852225526147223,nonTarget
26,Fz,2,0.06142527328657263,nonTarget
26,Fc1,2,0.34329077699606986,nonTarget
26,Fc2,2,-0.4338132375464868,nonTarget
26,C3,2,-0.30988492696556974,nonTarget
26,Cz,2,-0.6163279766453535,nonTarget
26,C4,2,-0.8605854597236314,nonTarget
26,Pz,2,-0.9102444643052354,nonTarget
26,Fz,3,-0.10271425366175395,nonTarget
26,Fc1,3,1.0664204783607092,nonTarget
26,Fc2,3,-0.23702162834400295,nonTarget
26,C3,3,0.018066914519813168,nonTarget
26,Cz,3,-0.2049422534337143,nonTarget
26,C4,3,-0.5639841058506465,nonTarget
26,Pz,3,-0.4076056648307284,nonTarget
26,Fz,4,0.10290155186437466,nonTarget
26,Fc1,4,1.4522338804591786,nonTarget
26,Fc2,4,-0.3275534740551381,nonTarget
26,C3,4,0.44395092122099755,nonTarget
26,Cz,4,-0.5361972586170509,nonTarget
26,C4,4,-0.6857146142704201,nonTarget
26,Pz,4,-0.584375658398061,nonTarget
27,Fz,1,0.35142157625547765,Target
27,Fc1,1,1.2845845476389008,Target
27,Fc2,1,1.5367898338015074,Target
27,C3,1,1.1897475706517575,Target
27,Cz,1,1.8491238450348613,Target
27,C4,1,1.7530091257144045,Target
27,Pz,1,0.8049273032776396,Target
27,Fz,2,2.056887620689884,Target
27,Fc1,2,2.680897562794798,Target
27,Fc2,2,1.883313587619285,Target
27,C3,2,2.449834732817167,Target
27,Cz,2,2.7665492656367023,Target
27,C4,2,1.2512494852408325,Target
27,Pz,2,0.5407831003311094,Target
27,Fz,3,1.6036938496316862,Target
27,Fc1,3,2.448285180542104,Target
27,Fc2,3,1.965969446233784,Target
27,C3,3,2.378928018468324,Target
27,Cz,3,3.057918419943981,Target
27,C4,3,1.7105675437171621,Target
27,Pz,3,1.0453740764026689,Target
27,Fz,4,4.7163570589783665,Target
27,Fc1,4,4.703736108051981,Target
27,Fc2,4,4.145025883115762,Target
27,C3,4,3.8836189206155125,Target
27,Cz,4,3.9604865571670365,Target
27,C4,4,2.690571414387625,Target
27,Pz,4,1.7383727008029841,Target
27,Fz,1,-0.6527225565968312,nonTarget
27,Fc1,1,-0.994495087768136,nonTarget
27,Fc2,1,-0.6165659290788301,nonTarget
27,C3,1,-1.1966624244894002,nonTarget
27,Cz,1,-1.1115698363861544,nonTarget
27,C4,1,-0.7996766315190174,nonTarget
27,Pz,1,-1.1131151475404888,nonTarget
27,Fz,2,-0.11971767796590371,nonTarget
27,Fc1,2,-0.17157211000686173,nonTarget
27,Fc2,2,-0.13042349558574065,nonTarget
27,C3,2,-0.247967770770049,nonTarget
27,Cz,2,-0.4538702177945544,nonTarget
27,C4,2,-0.39657874638226803,nonTarget
27,Pz,2,-0.4152246423308895,nonTarget
27,Fz,3,0.21824682283432062,nonTarget
27,Fc1,3,-0.26085953626009073,nonTarget
27,Fc2,3,-0.2751113049299265,nonTarget
27,C3,3,-0.40400314202987875,nonTarget
27,Cz,3,-0.39099164982630125,nonTarget
27,C4,3,-0.03893928174237349,nonTarget
27,Pz,3,-0.3274538137672049,nonTarget
27,Fz,4,0.014006625742008972,nonTarget
27,Fc1,4,-0.16139699480669523,nonTarget
27,Fc2,4,-0.4931954323406058,nonTarget
27,C3,4,-0.13870876572178187,nonTarget
27,Cz,4,-0.9151405990882837,nonTarget
27,C4,4,-0.965209596702159,nonTarget
27,Pz,4,-0.8843743705123349,nonTarget
28,Fz,1,3.0247623207498116,Target
28,Fc1,1,3.456906887594365,Target
28,Fc2,1,3.6183305116691384,Target
28,C3,1,3.350812762757486,Target
28,Cz,1,4.135512925162201,Target
28,C4,1,3.329724919442435,Target
28,Pz,1,3.4932439201346543,Target
28,Fz,2,1.9030051777813246,Target
28,Fc1,2,2.571945831791628,Target
28,Fc2,2,2.336332477492967,Target
28,C3,2,2.609287912086492,Target
28,Cz,2,3.1071933053236416,Target
28,C4,2,2.0148382949656733,Target
28,Pz,2,1.6399494137148203,Target
28,Fz,3,1.4088318022358566,Target
28,Fc1,3,1.6861887662205075,Target
28,Fc2,3,1.9920319126571897,Target
28,C3,3,1.5040854253817737,Target
28,Cz,3,2.064431970415396,Target
28,C4,3,2.0686511626029915,Target
28,Pz,3,1.0081214467259478,Target
28,Fz,4,2.9256447522630413,Target
28,Fc1,4,3.699462617143826,Target
28,Fc2,4,3.140466698793155,Target
28,C3,4,3.3662382986793187,Target
28,Cz,4,3.8717510055042026,Target
28,C4,4,2.053860364933935,Target
28,Pz,4,2.100496761626404,Target
28,Fz,1,-0.62893564007601,nonTarget
28,Fc1,1,-1.1210955334290564,nonTarget
28,Fc2,1,-0.7273191877574738,nonTarget
28,C3,1,-1.329630586704924,nonTarget
28,Cz,1,-1.3870239896120988,nonTarget
28,C4,1,-0.6173445667494613,nonTarget
28,Pz,1,-1.2764260523180204,nonTarget
28,Fz,2,0.8280539282407751,nonTarget
28,Fc1,2,0.37241172436467074,nonTarget
28,Fc2,2,0.5084438843457139,nonTarget
28,C3,2,-0.3212973436198683,nonTarget
28,Cz,2,-0.17322275108598428,nonTarget
28,C4,2,0.016897997986015673,nonTarget
28,Pz,2,-0.9479243920765569,nonTarget
28,Fz,3,-0.6145066069119784,nonTarget
28,Fc1,3,-0.9245329551295534,nonTarget
28,Fc2,3,-1.1058069281943892,nonTarget
28,C3,3,-0.7955594049484441,nonTarget
28,Cz,3,-1.21929970630073,nonTarget
28,C4,3,-1.0035041962902773,nonTarget
28,Pz,3,-0.8369555084810498,nonTarget
28,Fz,4,0.484031375876547,nonTarget
28,Fc1,4,0.7769298748213044,nonTarget
28,Fc2,4,-0.13037606339144622,nonTarget
28,C3,4,0.7677552843233029,nonTarget
28,Cz,4,-0.40693940877641366,nonTarget
28,C4,4,-0.5877729904645834,nonTarget
28,Pz,4,-0.7551767799671061,nonTarget
29,Fz,1,-0.05299969425016894,Target
29,Fc1,1,0.5415078716277801,Target
29,Fc2,1,0.7791830882128827,Target
29,C3,1,0.4190265081939626,Target
29,Cz,1,1.485839476204272,Target
29,C4,1,1.5360052425439275,Target
29,Pz,1,1.0286209581963481,Target
29,Fz,2,3.7977206258645677,Target
29,Fc1,2,3.8949965827004407,Target
29,Fc2,2,2.857078577571946,Target
29,C3,2,3.7532218382661675,Target
29,Cz,2,3.9738443791446287,Target
29,C4,2,2.26643950333027,Target
29,Pz,2,2.5081189748303805,Target
29,Fz,3,2.323885475038397,Target
29,Fc1,3,1.493560092383356,Target
29,Fc2,3,2.1773466777175035,Target
29,C3,3,0.43219519581078836,Target
29,Cz,3,2.1319311353798707,Target
29,C4,3,1.8587075845116685,Target
29,Pz,3,0.36128108899754324,Target
29,Fz,4,2.3495928942562756,Target
29,Fc1,4,2.9708286164771898,Target
29,Fc2,4,3.3431583169060404,Target
29,C3,4,3.003371247071434,Target
29,Cz,4,3.8088415379501477,Target
29,C4,4,2.7281039811927332,Target
29,Pz,4,2.151266154570018,Target
29,Fz,1,0.11171726715169786,nonTarget
29,Fc1,1,-0.45814359749037625,nonTarget
29,Fc2,1,-0.21976333438595938,nonTarget
29,C3,1,-0.8367652902561069,nonTarget
29,Cz,1,-0.8064971947787305,nonTarget
29,C4,1,-0.17025853712130595,nonTarget
29,Pz,1,-0.5168895259552387,nonTarget
29,Fz,2,-0.0278746955569405,nonTarget
29,Fc1,2,-0.02185933109200327,nonTarget
29,Fc2,2,-0.05529480608944781,nonTarget
29,C3,2,0.16300350162971322,nonTarget
29,Cz,2,-0.0913911223492739,nonTarget
29,C4,2,-0.2646918561671695,nonTarget
29,Pz,2,-0.19991369039607532,nonTarget
29,Fz,3,-1.74259236197953,nonTarget
29,Fc1,3,-2.256789859104538,nonTarget
29,Fc2,3,-1.5073197813879142,nonTarget
29,C3,3,-2.483650557635232,nonTarget
29,Cz,3,-2.167092626800511,nonTarget
29,C4,3,-1.1292077760030967,nonTarget
29,Pz,3,-2.142728995052729,nonTarget
29,Fz,4,0.9989990913024276,nonTarget
29,Fc1,4,1.0835986547795464,nonTarget
29,Fc2,4,0.34607312539586826,nonTarget
29,C3,4,1.2808339962111703,nonTarget
29,Cz,4,0.19987580452978354,nonTarget
29,C4,4,-0.3336342038426862,nonTarget
29,Pz,4,-0.6152583739162877,nonTarget
30,Fz,1,-3.3402824446952564,Target
30,Fc1,1,-0.5925091613180977,Target
30,Fc2,1,0.21809852684629671,Target
30,C3,1,-1.0391859681249573,Target
30,Cz,1,1.1668040150817758,Target
30,C4,1,0.2659040884650864,Target
30,Pz,1,0.19804019930976396,Target
30,Fz,2,2.3184841399964125,Target
30,Fc1,2,2.8809465050502023,Target
30,Fc2,2,2.1518972551306965,Target
30,C3,2,3.394753266156055,Target
30,Cz,2,3.371002806203403,Target
30,C4,2,1.5023244497470816,Target
30,Pz,2,1.9894605638555332,Target
30,Fz,3,4.168055450249938,Target
30,Fc1,3,4.503488776520679,Target
30,Fc2,3,3.7794999312850956,Target
30,C3,3,3.912444039919788,Target
30,Cz,3,3.6814283153843683,Target
30,C4,3,2.4666198481502777,Target
30,Pz,3,1.4940539264811687,Target
30,Fz,4,1.5631564377350453,Target
30,Fc1,4,1.6669253300475515,Target
30,Fc2,4,1.8120914049846881,Target
30,C3,4,1.8648632447011804,Target
30,Cz,4,1.6845508892520344,Target
30,C4,4,1.0772752016446079,Target
30,Pz,4,0.27139770969622845,Target
30,Fz,1,-1.9887641713106656,nonTarget
30,Fc1,1,-1.847840942290142,nonTarget
30,Fc2,1,-1.344689339921167,nonTarget
30,C3,1,-1.9643413158996808,nonTarget
30,Cz,1,-1.435787254337825,nonTarget
30,C4,1,-0.7665066079418266,nonTarget
30,Pz,1,-1.311498754613757,nonTarget
30,Fz,2,1.357634142860894,nonTarget
30,Fc1,2,1.2285841051690944,nonTarget
30,Fc2,2,0.5733267435263847,nonTarget
30,C3,2,1.1330918922029007,nonTarget
30,Cz,2,0.5576862195738113,nonTarget
30,C4,2,0.14186088064116265,nonTarget
30,Pz,2,0.13893939677338574,nonTarget
30,Fz,3,0.40945072273389493,nonTarget
30,Fc1,3,0.07171815240864432,nonTarget
30,Fc2,3,0.18346131614538377,nonTarget
30,C3,3,0.026674494870034975,nonTarget
30,Cz,3,-0.2741067575504779,nonTarget
30,C4,3,0.28874132528701024,nonTarget
30,Pz,3,-0.45064409242876186,nonTarget
30,Fz,4,0.6680447346368599,nonTarget
30,Fc1,4,0.5982477827999249,nonTarget
30,Fc2,4,0.34109697437313835,nonTarget
30,C3,4,0.459481078640861,nonTarget
30,Cz,4,-0.22674922893640162,nonTarget
30,C4,4,-0.19765679712140963,nonTarget
30,Pz,4,-0.4209039317930523,nonTarget
