Session,Electrode,Tactilo,Mean Amplitude,Condition,Dates
1,Fz,1,-1.0061974875385982,Target,13.11.2020
1,Fc1,1,-0.6271315247384586,Target,13.11.2020
1,Fc2,1,0.6334901792548864,Target,13.11.2020
1,C3,1,-1.293173447189386,Target,13.11.2020
1,Cz,1,-0.133444412391178,Target,13.11.2020
1,C4,1,1.1865191179344188,Target,13.11.2020
1,Pz,1,-0.3892298274076957,Target,13.11.2020
1,Fz,2,8.381276310109236,Target,13.11.2020
1,Fc1,2,7.278099320809476,Target,13.11.2020
1,Fc2,2,7.231967041424925,Target,13.11.2020
1,C3,2,5.515751108180781,Target,13.11.2020
1,Cz,2,6.655832769684221,Target,13.11.2020
1,C4,2,6.548227734472816,Target,13.11.2020
1,Pz,2,4.549803881046467,Target,13.11.2020
1,Fz,3,-2.043397159911525,Target,13.11.2020
1,Fc1,3,-0.7282575380905641,Target,13.11.2020
1,Fc2,3,-0.0883353113067951,Target,13.11.2020
1,C3,3,-0.0703874204515985,Target,13.11.2020
1,Cz,3,0.0237523107630011,Target,13.11.2020
1,C4,3,0.7420759593031503,Target,13.11.2020
1,Pz,3,0.4328932404468663,Target,13.11.2020
1,Fz,4,4.908857587795897,Target,13.11.2020
1,Fc1,4,6.601315141820479,Target,13.11.2020
1,Fc2,4,5.193106414049028,Target,13.11.2020
1,C3,4,6.503968073416644,Target,13.11.2020
1,Cz,4,6.249687531261059,Target,13.11.2020
1,C4,4,3.310409076347896,Target,13.11.2020
1,Pz,4,5.066058282779462,Target,13.11.2020
1,Fz,5,-2.6407158756121483,Target,13.11.2020
1,Fc1,5,-2.002389556428476,Target,13.11.2020
1,Fc2,5,-1.8184757833989225,Target,13.11.2020
1,C3,5,-1.634328582503508,Target,13.11.2020
1,Cz,5,-2.033727240486276,Target,13.11.2020
1,C4,5,-1.8271783726918125,Target,13.11.2020
1,Pz,5,-1.8715385226618824,Target,13.11.2020
1,Fz,6,2.860749168188349,Target,13.11.2020
1,Fc1,6,2.8111703053989747,Target,13.11.2020
1,Fc2,6,2.7577318303634155,Target,13.11.2020
1,C3,6,2.134188159215642,Target,13.11.2020
1,Cz,6,2.198234003802236,Target,13.11.2020
1,C4,6,1.8463855940017952,Target,13.11.2020
1,Pz,6,1.2489797092001231,Target,13.11.2020
1,Fz,1,-0.5089748344179175,nonTarget,13.11.2020
1,Fc1,1,-0.6223822608226657,nonTarget,13.11.2020
1,Fc2,1,-0.546865679777476,nonTarget,13.11.2020
1,C3,1,-0.9889857393885282,nonTarget,13.11.2020
1,Cz,1,-0.6631550561761925,nonTarget,13.11.2020
1,C4,1,-0.5597937348586131,nonTarget,13.11.2020
1,Pz,1,-0.968514844117583,nonTarget,13.11.2020
1,Fz,2,1.107201499316361,nonTarget,13.11.2020
1,Fc1,2,1.0075986639497352,nonTarget,13.11.2020
1,Fc2,2,0.8316746521077194,nonTarget,13.11.2020
1,C3,2,0.7349741568830357,nonTarget,13.11.2020
1,Cz,2,0.9306311312419232,nonTarget,13.11.2020
1,C4,2,1.1617102109711437,nonTarget,13.11.2020
1,Pz,2,0.6562281941433521,nonTarget,13.11.2020
1,Fz,3,-0.500484189703535,nonTarget,13.11.2020
1,Fc1,3,-0.9851406067812664,nonTarget,13.11.2020
1,Fc2,3,-0.1511016296548729,nonTarget,13.11.2020
1,C3,3,-1.0732007384403888,nonTarget,13.11.2020
1,Cz,3,-0.63480290516372,nonTarget,13.11.2020
1,C4,3,0.3113610001706806,nonTarget,13.11.2020
1,Pz,3,-1.1837464427717208,nonTarget,13.11.2020
1,Fz,4,2.6207022606852366,nonTarget,13.11.2020
1,Fc1,4,2.4923504925213296,nonTarget,13.11.2020
1,Fc2,4,1.9812123979547709,nonTarget,13.11.2020
1,C3,4,2.0918591007314373,nonTarget,13.11.2020
1,Cz,4,1.8807637080873287,nonTarget,13.11.2020
1,C4,4,1.3959692081445407,nonTarget,13.11.2020
1,Pz,4,1.306599982334598,nonTarget,13.11.2020
1,Fz,5,-0.297691362626972,nonTarget,13.11.2020
1,Fc1,5,-0.21268928954408,nonTarget,13.11.2020
1,Fc2,5,-0.4556967867977386,nonTarget,13.11.2020
1,C3,5,-0.6833558594782743,nonTarget,13.11.2020
1,Cz,5,-0.4156630176628395,nonTarget,13.11.2020
1,C4,5,-1.036060044041225,nonTarget,13.11.2020
1,Pz,5,-0.8746167718573513,nonTarget,13.11.2020
1,Fz,6,-1.179852809679827,nonTarget,13.11.2020
1,Fc1,6,-0.6927047666247139,nonTarget,13.11.2020
1,Fc2,6,-1.0710374469706094,nonTarget,13.11.2020
1,C3,6,0.0473705308346247,nonTarget,13.11.2020
1,Cz,6,-0.878935358095653,nonTarget,13.11.2020
1,C4,6,-0.8357516701131997,nonTarget,13.11.2020
1,Pz,6,-0.6922334299368804,nonTarget,13.11.2020
2,Fz,1,-1.1650235049029452,Target,17.11.2020
2,Fc1,1,-2.9522643519025085,Target,17.11.2020
2,Fc2,1,0.9007173199093883,Target,17.11.2020
2,C3,1,-3.043717566342318,Target,17.11.2020
2,Cz,1,-0.0373063274251616,Target,17.11.2020
2,C4,1,0.2586672084228745,Target,17.11.2020
2,Pz,1,-0.9656404077711148,Target,17.11.2020
2,Fz,2,4.026639906953492,Target,17.11.2020
2,Fc1,2,4.714704012806049,Target,17.11.2020
2,Fc2,2,4.493708862722471,Target,17.11.2020
2,C3,2,4.362939898949284,Target,17.11.2020
2,Cz,2,5.379355466738798,Target,17.11.2020
2,C4,2,3.997373209704084,Target,17.11.2020
2,Pz,2,3.162779931937087,Target,17.11.2020
2,Fz,3,2.026298296532288,Target,17.11.2020
2,Fc1,3,1.027874069196071,Target,17.11.2020
2,Fc2,3,3.0685939686215127,Target,17.11.2020
2,C3,3,0.0355719181724362,Target,17.11.2020
2,Cz,3,2.632327339665431,Target,17.11.2020
2,C4,3,2.8647844034686183,Target,17.11.2020
2,Pz,3,0.8734275834688847,Target,17.11.2020
2,Fz,4,2.8292481188204244,Target,17.11.2020
2,Fc1,4,4.002184766496431,Target,17.11.2020
2,Fc2,4,2.568043826334739,Target,17.11.2020
2,C3,4,3.6888838059423454,Target,17.11.2020
2,Cz,4,3.392834405631649,Target,17.11.2020
2,C4,4,1.998319171549222,Target,17.11.2020
2,Pz,4,1.5109124576475614,Target,17.11.2020
2,Fz,5,2.635840815025236,Target,17.11.2020
2,Fc1,5,2.420096475715396,Target,17.11.2020
2,Fc2,5,2.893798311544694,Target,17.11.2020
2,C3,5,1.302614653517752,Target,17.11.2020
2,Cz,5,2.82418147944891,Target,17.11.2020
2,C4,5,2.2141310917058448,Target,17.11.2020
2,Pz,5,1.2838602107286905,Target,17.11.2020
2,Fz,6,0.2564582158855215,Target,17.11.2020
2,Fc1,6,-0.0357898015995419,Target,17.11.2020
2,Fc2,6,0.2628994926777829,Target,17.11.2020
2,C3,6,-0.0287966981044013,Target,17.11.2020
2,Cz,6,0.6321711697200422,Target,17.11.2020
2,C4,6,-0.0326823556770156,Target,17.11.2020
2,Pz,6,-0.0232650175421846,Target,17.11.2020
2,Fz,1,-1.5135458071461734,nonTarget,17.11.2020
2,Fc1,1,-2.2466695350453367,nonTarget,17.11.2020
2,Fc2,1,-1.1912927403815012,nonTarget,17.11.2020
2,C3,1,-2.2129987442344508,nonTarget,17.11.2020
2,Cz,1,-1.9689225362795737,nonTarget,17.11.2020
2,C4,1,-1.4026714134397666,nonTarget,17.11.2020
2,Pz,1,-1.4891191702513662,nonTarget,17.11.2020
2,Fz,2,-0.3597871573349351,nonTarget,17.11.2020
2,Fc1,2,0.7962743298630852,nonTarget,17.11.2020
2,Fc2,2,-0.3186108344920721,nonTarget,17.11.2020
2,C3,2,1.539513337890142,nonTarget,17.11.2020
2,Cz,2,0.4866925224816237,nonTarget,17.11.2020
2,C4,2,-0.0043719717131308,nonTarget,17.11.2020
2,Pz,2,0.7447720528184789,nonTarget,17.11.2020
2,Fz,3,0.7626308615064761,nonTarget,17.11.2020
2,Fc1,3,-0.2519099033807663,nonTarget,17.11.2020
2,Fc2,3,0.3958399754618056,nonTarget,17.11.2020
2,C3,3,-0.1934773509892364,nonTarget,17.11.2020
2,Cz,3,-0.0955276852276756,nonTarget,17.11.2020
2,C4,3,-0.1760974041598345,nonTarget,17.11.2020
2,Pz,3,-0.2193623378447877,nonTarget,17.11.2020
2,Fz,4,0.7761515049553398,nonTarget,17.11.2020
2,Fc1,4,0.933563887000143,nonTarget,17.11.2020
2,Fc2,4,0.0963348013686571,nonTarget,17.11.2020
2,C3,4,0.7273342721463545,nonTarget,17.11.2020
2,Cz,4,0.1629821361522051,nonTarget,17.11.2020
2,C4,4,-0.1795158559111512,nonTarget,17.11.2020
2,Pz,4,-0.1661134533387924,nonTarget,17.11.2020
2,Fz,5,1.2684542611764371,nonTarget,17.11.2020
2,Fc1,5,1.170967189473742,nonTarget,17.11.2020
2,Fc2,5,0.7421618526893697,nonTarget,17.11.2020
2,C3,5,1.1507688961909512,nonTarget,17.11.2020
2,Cz,5,0.4354936541438671,nonTarget,17.11.2020
2,C4,5,0.2626851718175756,nonTarget,17.11.2020
2,Pz,5,0.1587509439952725,nonTarget,17.11.2020
2,Fz,6,0.7978793687589406,nonTarget,17.11.2020
2,Fc1,6,0.9877340673162558,nonTarget,17.11.2020
2,Fc2,6,0.4708266848157157,nonTarget,17.11.2020
2,C3,6,0.4944399487133279,nonTarget,17.11.2020
2,Cz,6,0.268968155827912,nonTarget,17.11.2020
2,C4,6,0.7869773770072195,nonTarget,17.11.2020
2,Pz,6,-0.3399785537907147,nonTarget,17.11.2020
3,Fz,1,0.1154234019769524,Target,19.11.2020
3,Fc1,1,0.3764828508908162,Target,19.11.2020
3,Fc2,1,1.2765469982483892,Target,19.11.2020
3,C3,1,-1.029248803540959,Target,19.11.2020
3,Cz,1,0.8359579479206682,Target,19.11.2020
3,C4,1,1.6623033103653035,Target,19.11.2020
3,Pz,1,0.4388486672166836,Target,19.11.2020
3,Fz,2,6.545520363631566,Target,19.11.2020
3,Fc1,2,6.483148434249079,Target,19.11.2020
3,Fc2,2,5.4429039032060125,Target,19.11.2020
3,C3,2,5.417319102802455,Target,19.11.2020
3,Cz,2,4.433502910429857,Target,19.11.2020
3,C4,2,3.372866962056312,Target,19.11.2020
3,Pz,2,2.9478365624785225,Target,19.11.2020
3,Fz,3,0.8534835834294467,Target,19.11.2020
3,Fc1,3,0.7040645989384164,Target,19.11.2020
3,Fc2,3,1.4381073820474093,Target,19.11.2020
3,C3,3,-0.131835728108194,Target,19.11.2020
3,Cz,3,0.5666791518861947,Target,19.11.2020
3,C4,3,1.6953325426683343,Target,19.11.2020
3,Pz,3,1.1096301979015857,Target,19.11.2020
3,Fz,4,-1.1274480422608026,Target,19.11.2020
3,Fc1,4,0.4525860437335507,Target,19.11.2020
3,Fc2,4,0.8167698840227369,Target,19.11.2020
3,C3,4,0.5565735823694941,Target,19.11.2020
3,Cz,4,1.3813589807452238,Target,19.11.2020
3,C4,4,0.7798693252010331,Target,19.11.2020
3,Pz,4,0.2476683205153615,Target,19.11.2020
3,Fz,5,1.2248153951778198,Target,19.11.2020
3,Fc1,5,0.5063270954550174,Target,19.11.2020
3,Fc2,5,1.362609166438582,Target,19.11.2020
3,C3,5,0.3855904008730003,Target,19.11.2020
3,Cz,5,1.7954723199185862,Target,19.11.2020
3,C4,5,1.217662740492875,Target,19.11.2020
3,Pz,5,-0.1801808170342074,Target,19.11.2020
3,Fz,6,0.1976695378443312,Target,19.11.2020
3,Fc1,6,1.2891687170523718,Target,19.11.2020
3,Fc2,6,1.1951711789234714,Target,19.11.2020
3,C3,6,1.5478452778372538,Target,19.11.2020
3,Cz,6,2.4832059637565376,Target,19.11.2020
3,C4,6,1.0241968586482015,Target,19.11.2020
3,Pz,6,0.3906786058330742,Target,19.11.2020
3,Fz,1,-1.5249735677816272,nonTarget,19.11.2020
3,Fc1,1,-1.4050563788700852,nonTarget,19.11.2020
3,Fc2,1,-1.411408721582232,nonTarget,19.11.2020
3,C3,1,-1.0772692010976863,nonTarget,19.11.2020
3,Cz,1,-1.0191107854427544,nonTarget,19.11.2020
3,C4,1,-0.8333941017927172,nonTarget,19.11.2020
3,Pz,1,-0.4498341039655604,nonTarget,19.11.2020
3,Fz,2,0.4545488352089141,nonTarget,19.11.2020
3,Fc1,2,0.889004226891581,nonTarget,19.11.2020
3,Fc2,2,-0.0853213928503703,nonTarget,19.11.2020
3,C3,2,1.1847602272287827,nonTarget,19.11.2020
3,Cz,2,0.3913180347961877,nonTarget,19.11.2020
3,C4,2,-0.2681940841028319,nonTarget,19.11.2020
3,Pz,2,0.3721215343806204,nonTarget,19.11.2020
3,Fz,3,-0.1519306790968629,nonTarget,19.11.2020
3,Fc1,3,-0.2398066042598934,nonTarget,19.11.2020
3,Fc2,3,0.030683053971459,nonTarget,19.11.2020
3,C3,3,-0.3029709606456937,nonTarget,19.11.2020
3,Cz,3,-0.1057701490065051,nonTarget,19.11.2020
3,C4,3,0.0308109386414744,nonTarget,19.11.2020
3,Pz,3,0.0084696650695844,nonTarget,19.11.2020
3,Fz,4,-1.1834223592102435,nonTarget,19.11.2020
3,Fc1,4,-1.365048178014998,nonTarget,19.11.2020
3,Fc2,4,-0.8922369847522507,nonTarget,19.11.2020
3,C3,4,-1.6110800832074537,nonTarget,19.11.2020
3,Cz,4,-1.6428733404710034,nonTarget,19.11.2020
3,C4,4,-0.8933643860651894,nonTarget,19.11.2020
3,Pz,4,-2.090684271697059,nonTarget,19.11.2020
3,Fz,5,0.3039339236353477,nonTarget,19.11.2020
3,Fc1,5,-0.0163424745606817,nonTarget,19.11.2020
3,Fc2,5,0.350131040562873,nonTarget,19.11.2020
3,C3,5,-0.2401029692050597,nonTarget,19.11.2020
3,Cz,5,-0.2547816702213106,nonTarget,19.11.2020
3,C4,5,0.1416962668202128,nonTarget,19.11.2020
3,Pz,5,-0.0800680828822383,nonTarget,19.11.2020
3,Fz,6,0.3313975672395798,nonTarget,19.11.2020
3,Fc1,6,0.3833194868119786,nonTarget,19.11.2020
3,Fc2,6,0.0460376879865055,nonTarget,19.11.2020
3,C3,6,0.575809929848502,nonTarget,19.11.2020
3,Cz,6,0.2190667676486575,nonTarget,19.11.2020
3,C4,6,-0.1337078004401532,nonTarget,19.11.2020
3,Pz,6,-0.1135415670227315,nonTarget,19.11.2020
5,Fz,1,-0.3065780649704148,Target,21.11.2020
5,Fc1,1,0.8540330760702601,Target,21.11.2020
5,Fc2,1,1.274500154301634,Target,21.11.2020
5,C3,1,0.7916368737367603,Target,21.11.2020
5,Cz,1,2.3800596999244843,Target,21.11.2020
5,C4,1,2.118753035469904,Target,21.11.2020
5,Pz,1,1.276787668998839,Target,21.11.2020
5,Fz,2,1.0594725951654511,Target,21.11.2020
5,Fc1,2,-1.2121102147364011,Target,21.11.2020
5,Fc2,2,0.8851813569834672,Target,21.11.2020
5,C3,2,1.5449678542432663,Target,21.11.2020
5,Cz,2,1.7375669988248217,Target,21.11.2020
5,C4,2,0.9526832234924728,Target,21.11.2020
5,Pz,2,0.1801751113845885,Target,21.11.2020
5,Fz,3,1.277553666560156,Target,21.11.2020
5,Fc1,3,1.9722249293570615,Target,21.11.2020
5,Fc2,3,0.9654475515318902,Target,21.11.2020
5,C3,3,1.0618224832900518,Target,21.11.2020
5,Cz,3,2.1780252116246266,Target,21.11.2020
5,C4,3,1.5280953242099171,Target,21.11.2020
5,Pz,3,-0.0591047243075333,Target,21.11.2020
5,Fz,4,4.441044689110637,Target,21.11.2020
5,Fc1,4,4.783531040754093,Target,21.11.2020
5,Fc2,4,4.111648617400334,Target,21.11.2020
5,C3,4,2.464413517644523,Target,21.11.2020
5,Cz,4,3.2731888322734086,Target,21.11.2020
5,C4,4,2.7984716266824314,Target,21.11.2020
5,Pz,4,1.01709830684523,Target,21.11.2020
5,Fz,5,1.5054809809651042,Target,21.11.2020
5,Fc1,5,2.6981339423740245,Target,21.11.2020
5,Fc2,5,1.7802816825690213,Target,21.11.2020
5,C3,5,-0.2019816117539359,Target,21.11.2020
5,Cz,5,-0.1011742478520253,Target,21.11.2020
5,C4,5,0.7364266083991501,Target,21.11.2020
5,Pz,5,-0.8832394248834537,Target,21.11.2020
5,Fz,6,-1.4692280091324983,Target,21.11.2020
5,Fc1,6,-2.4108701586683816,Target,21.11.2020
5,Fc2,6,-1.4510903600079843,Target,21.11.2020
5,C3,6,-1.8099640498962413,Target,21.11.2020
5,Cz,6,-2.253369481918912,Target,21.11.2020
5,C4,6,-0.9177503429314204,Target,21.11.2020
5,Pz,6,-2.127839067558264,Target,21.11.2020
5,Fz,1,1.0742066684487082,nonTarget,21.11.2020
5,Fc1,1,1.234568247281589,nonTarget,21.11.2020
5,Fc2,1,1.0381152002206355,nonTarget,21.11.2020
5,C3,1,-0.495224048893566,nonTarget,21.11.2020
5,Cz,1,-0.038973814959881,nonTarget,21.11.2020
5,C4,1,0.6074831862874613,nonTarget,21.11.2020
5,Pz,1,-0.510432250728464,nonTarget,21.11.2020
5,Fz,2,1.1437544631053955,nonTarget,21.11.2020
5,Fc1,2,0.2924812885342751,nonTarget,21.11.2020
5,Fc2,2,0.490814037364701,nonTarget,21.11.2020
5,C3,2,0.8687951978122055,nonTarget,21.11.2020
5,Cz,2,0.7653044121732017,nonTarget,21.11.2020
5,C4,2,-0.1296281424911823,nonTarget,21.11.2020
5,Pz,2,0.4003339446892889,nonTarget,21.11.2020
5,Fz,3,0.499721070863627,nonTarget,21.11.2020
5,Fc1,3,-0.0015004459822391,nonTarget,21.11.2020
5,Fc2,3,-0.2731762409815333,nonTarget,21.11.2020
5,C3,3,1.04711182792775,nonTarget,21.11.2020
5,Cz,3,-0.225063099366352,nonTarget,21.11.2020
5,C4,3,-0.389894493840258,nonTarget,21.11.2020
5,Pz,3,-0.0560368777864558,nonTarget,21.11.2020
5,Fz,4,-0.6444835009254491,nonTarget,21.11.2020
5,Fc1,4,-0.2428340163821453,nonTarget,21.11.2020
5,Fc2,4,-0.4160268073299901,nonTarget,21.11.2020
5,C3,4,-0.4753553273689413,nonTarget,21.11.2020
5,Cz,4,-0.7154468113860407,nonTarget,21.11.2020
5,C4,4,-0.5363139598847617,nonTarget,21.11.2020
5,Pz,4,-0.9219959677000474,nonTarget,21.11.2020
5,Fz,5,0.9497101175047749,nonTarget,21.11.2020
5,Fc1,5,0.8872915390310323,nonTarget,21.11.2020
5,Fc2,5,0.37834202960118,nonTarget,21.11.2020
5,C3,5,0.0846051283319068,nonTarget,21.11.2020
5,Cz,5,0.2829205469825396,nonTarget,21.11.2020
5,C4,5,-0.1109103366142404,nonTarget,21.11.2020
5,Pz,5,-0.6043952198492111,nonTarget,21.11.2020
5,Fz,6,0.0656607232751009,nonTarget,21.11.2020
5,Fc1,6,-0.1994094446829193,nonTarget,21.11.2020
5,Fc2,6,0.2474201107395268,nonTarget,21.11.2020
5,C3,6,0.072401998152776,nonTarget,21.11.2020
5,Cz,6,-0.2787762242652609,nonTarget,21.11.2020
5,C4,6,0.1683302145831149,nonTarget,21.11.2020
5,Pz,6,0.2613437613427141,nonTarget,21.11.2020
6,Fz,1,-1.65616104232243,Target,24.11.2020
6,Fc1,1,0.3898487229780545,Target,24.11.2020
6,Fc2,1,0.9063776297257128,Target,24.11.2020
6,C3,1,0.546966850322952,Target,24.11.2020
6,Cz,1,1.1055419283760943,Target,24.11.2020
6,C4,1,0.6882847075685745,Target,24.11.2020
6,Pz,1,0.3496254002758945,Target,24.11.2020
6,Fz,2,4.546959100982651,Target,24.11.2020
6,Fc1,2,4.974006518085872,Target,24.11.2020
6,Fc2,2,3.052910852382528,Target,24.11.2020
6,C3,2,4.64990474913014,Target,24.11.2020
6,Cz,2,3.413072200471692,Target,24.11.2020
6,C4,2,1.6826725284570414,Target,24.11.2020
6,Pz,2,2.239001152831197,Target,24.11.2020
6,Fz,3,0.7509697687574508,Target,24.11.2020
6,Fc1,3,0.9653447428900458,Target,24.11.2020
6,Fc2,3,1.703244250506571,Target,24.11.2020
6,C3,3,0.3682287125653264,Target,24.11.2020
6,Cz,3,0.7683222358444806,Target,24.11.2020
6,C4,3,0.8437437324039787,Target,24.11.2020
6,Pz,3,-1.2561826412220551,Target,24.11.2020
6,Fz,4,5.769656369291784,Target,24.11.2020
6,Fc1,4,5.57727315955264,Target,24.11.2020
6,Fc2,4,3.752109261280855,Target,24.11.2020
6,C3,4,4.438040595188101,Target,24.11.2020
6,Cz,4,4.129082047330263,Target,24.11.2020
6,C4,4,2.2565560028942926,Target,24.11.2020
6,Pz,4,2.2010270789653044,Target,24.11.2020
6,Fz,5,-1.3297640570157196,Target,24.11.2020
6,Fc1,5,-0.3171443261139721,Target,24.11.2020
6,Fc2,5,-0.6811060203513454,Target,24.11.2020
6,C3,5,0.5391132963694485,Target,24.11.2020
6,Cz,5,-0.1644123603604491,Target,24.11.2020
6,C4,5,-0.2490479209053359,Target,24.11.2020
6,Pz,5,0.2701531779934699,Target,24.11.2020
6,Fz,6,1.2172273321989129,Target,24.11.2020
6,Fc1,6,2.1363747646886884,Target,24.11.2020
6,Fc2,6,0.9095964943234932,Target,24.11.2020
6,C3,6,2.6384622551766066,Target,24.11.2020
6,Cz,6,1.6867726333492108,Target,24.11.2020
6,C4,6,-0.3537373294815086,Target,24.11.2020
6,Pz,6,1.0425498731724234,Target,24.11.2020
6,Fz,1,-1.3959002951216664,nonTarget,24.11.2020
6,Fc1,1,-1.986819139108639,nonTarget,24.11.2020
6,Fc2,1,-1.2715408644251915,nonTarget,24.11.2020
6,C3,1,-2.338579442970356,nonTarget,24.11.2020
6,Cz,1,-1.60027332453904,nonTarget,24.11.2020
6,C4,1,-0.7935181528941947,nonTarget,24.11.2020
6,Pz,1,-1.8707479458291365,nonTarget,24.11.2020
6,Fz,2,0.1735920820526513,nonTarget,24.11.2020
6,Fc1,2,0.1463331343289188,nonTarget,24.11.2020
6,Fc2,2,0.1538277592074859,nonTarget,24.11.2020
6,C3,2,0.177384617579013,nonTarget,24.11.2020
6,Cz,2,-0.1776736111971101,nonTarget,24.11.2020
6,C4,2,-0.2606069229795964,nonTarget,24.11.2020
6,Pz,2,-0.1217690239857379,nonTarget,24.11.2020
6,Fz,3,-0.2163274502672124,nonTarget,24.11.2020
6,Fc1,3,-0.6072779371137096,nonTarget,24.11.2020
6,Fc2,3,-0.6928379407528255,nonTarget,24.11.2020
6,C3,3,-0.4478321438959755,nonTarget,24.11.2020
6,Cz,3,-0.8844733973506724,nonTarget,24.11.2020
6,C4,3,-0.1406859912330601,nonTarget,24.11.2020
6,Pz,3,-0.4724160398518303,nonTarget,24.11.2020
6,Fz,4,-2.291930488543467,nonTarget,24.11.2020
6,Fc1,4,-1.529992632490476,nonTarget,24.11.2020
6,Fc2,4,-0.7507965379157995,nonTarget,24.11.2020
6,C3,4,-1.396340721490399,nonTarget,24.11.2020
6,Cz,4,-1.1088375622869304,nonTarget,24.11.2020
6,C4,4,-0.787128368598387,nonTarget,24.11.2020
6,Pz,4,-0.8622599869696935,nonTarget,24.11.2020
6,Fz,5,-0.7037652464350662,nonTarget,24.11.2020
6,Fc1,5,-0.8999575535307833,nonTarget,24.11.2020
6,Fc2,5,-0.5743349370622499,nonTarget,24.11.2020
6,C3,5,-0.8512388704194638,nonTarget,24.11.2020
6,Cz,5,-0.5120677548435149,nonTarget,24.11.2020
6,C4,5,-0.0031677724777636,nonTarget,24.11.2020
6,Pz,5,-0.5754225886214153,nonTarget,24.11.2020
6,Fz,6,4.463632000134346,nonTarget,24.11.2020
6,Fc1,6,3.386607043220928,nonTarget,24.11.2020
6,Fc2,6,2.486212422406015,nonTarget,24.11.2020
6,C3,6,2.680605435162112,nonTarget,24.11.2020
6,Cz,6,2.1787474639697706,nonTarget,24.11.2020
6,C4,6,1.6582094451636633,nonTarget,24.11.2020
6,Pz,6,1.2587852212215895,nonTarget,24.11.2020
8,Fz,1,-0.4216209126483599,Target,26.11.2020
8,Fc1,1,0.0248161448648608,Target,26.11.2020
8,Fc2,1,1.527257204209589,Target,26.11.2020
8,C3,1,-0.6584013616168278,Target,26.11.2020
8,Cz,1,1.0880754068372216,Target,26.11.2020
8,C4,1,1.625885605574702,Target,26.11.2020
8,Pz,1,-0.4623148443264417,Target,26.11.2020
8,Fz,2,6.394817440915897,Target,26.11.2020
8,Fc1,2,7.208088476616444,Target,26.11.2020
8,Fc2,2,5.639564293786729,Target,26.11.2020
8,C3,2,6.803690185579346,Target,26.11.2020
8,Cz,2,6.305078297464682,Target,26.11.2020
8,C4,2,4.109044776637189,Target,26.11.2020
8,Pz,2,4.553542858301697,Target,26.11.2020
8,Fz,3,3.863341358166809,Target,26.11.2020
8,Fc1,3,3.17898966364625,Target,26.11.2020
8,Fc2,3,3.213351332839061,Target,26.11.2020
8,C3,3,1.4538525072974664,Target,26.11.2020
8,Cz,3,2.707930732114732,Target,26.11.2020
8,C4,3,2.287907791596218,Target,26.11.2020
8,Pz,3,0.7548768386987539,Target,26.11.2020
8,Fz,4,4.80055774429855,Target,26.11.2020
8,Fc1,4,5.81599439593394,Target,26.11.2020
8,Fc2,4,3.833101438002848,Target,26.11.2020
8,C3,4,4.821794626112755,Target,26.11.2020
8,Cz,4,4.157762354537975,Target,26.11.2020
8,C4,4,2.994667222812783,Target,26.11.2020
8,Pz,4,2.942150786983813,Target,26.11.2020
8,Fz,5,-1.2732078109327856,Target,26.11.2020
8,Fc1,5,-0.1007100861426984,Target,26.11.2020
8,Fc2,5,0.5197110093842017,Target,26.11.2020
8,C3,5,-0.0934841870896972,Target,26.11.2020
8,Cz,5,1.438529844239424,Target,26.11.2020
8,C4,5,1.267408969800773,Target,26.11.2020
8,Pz,5,0.4842856468674886,Target,26.11.2020
8,Fz,6,-0.6457728032293018,Target,26.11.2020
8,Fc1,6,0.6190754820324537,Target,26.11.2020
8,Fc2,6,0.7299820632502483,Target,26.11.2020
8,C3,6,0.4701836137172318,Target,26.11.2020
8,Cz,6,1.2249650213296528,Target,26.11.2020
8,C4,6,0.5672579667941827,Target,26.11.2020
8,Pz,6,-0.0434124673022606,Target,26.11.2020
8,Fz,1,-2.1013098411103224,nonTarget,26.11.2020
8,Fc1,1,-2.1562502476476544,nonTarget,26.11.2020
8,Fc2,1,-1.4541126965655748,nonTarget,26.11.2020
8,C3,1,-2.003248133818245,nonTarget,26.11.2020
8,Cz,1,-1.5818006710975665,nonTarget,26.11.2020
8,C4,1,-1.0433363912402511,nonTarget,26.11.2020
8,Pz,1,-1.8743385341394248,nonTarget,26.11.2020
8,Fz,2,0.0625215665097124,nonTarget,26.11.2020
8,Fc1,2,0.0793566445319759,nonTarget,26.11.2020
8,Fc2,2,-0.2417736811164045,nonTarget,26.11.2020
8,C3,2,0.3121727226381116,nonTarget,26.11.2020
8,Cz,2,-0.1294104167949108,nonTarget,26.11.2020
8,C4,2,-0.3959250410951865,nonTarget,26.11.2020
8,Pz,2,-0.3028093743827493,nonTarget,26.11.2020
8,Fz,3,-1.848399559256441,nonTarget,26.11.2020
8,Fc1,3,-1.8286125542133385,nonTarget,26.11.2020
8,Fc2,3,-1.1105096558984036,nonTarget,26.11.2020
8,C3,3,-1.7676640366470724,nonTarget,26.11.2020
8,Cz,3,-1.2961194456512826,nonTarget,26.11.2020
8,C4,3,-0.983546222128706,nonTarget,26.11.2020
8,Pz,3,-1.290066639042617,nonTarget,26.11.2020
8,Fz,4,1.3082233962970884,nonTarget,26.11.2020
8,Fc1,4,1.282531572880802,nonTarget,26.11.2020
8,Fc2,4,0.6739805036874497,nonTarget,26.11.2020
8,C3,4,1.1487081235108805,nonTarget,26.11.2020
8,Cz,4,0.6530028014496512,nonTarget,26.11.2020
8,C4,4,0.286909802190917,nonTarget,26.11.2020
8,Pz,4,0.230836951328355,nonTarget,26.11.2020
8,Fz,5,-0.5718657009442657,nonTarget,26.11.2020
8,Fc1,5,-0.5193635399904877,nonTarget,26.11.2020
8,Fc2,5,-0.6562262102142289,nonTarget,26.11.2020
8,C3,5,-0.3778244434201799,nonTarget,26.11.2020
8,Cz,5,-1.0105653484186836,nonTarget,26.11.2020
8,C4,5,-0.7664853016170761,nonTarget,26.11.2020
8,Pz,5,-1.2542828279985665,nonTarget,26.11.2020
8,Fz,6,-0.7224414060996567,nonTarget,26.11.2020
8,Fc1,6,-0.5240235668381109,nonTarget,26.11.2020
8,Fc2,6,-0.5678724709250604,nonTarget,26.11.2020
8,C3,6,-0.4037501105842592,nonTarget,26.11.2020
8,Cz,6,-0.6356950018508014,nonTarget,26.11.2020
8,C4,6,-0.536643373080713,nonTarget,26.11.2020
8,Pz,6,-0.4813017200077934,nonTarget,26.11.2020
9,Fz,1,2.541000728297488,Target,28.11.2020
9,Fc1,1,3.514832302820645,Target,28.11.2020
9,Fc2,1,4.4546623315795895,Target,28.11.2020
9,C3,1,0.6186183798434179,Target,28.11.2020
9,Cz,1,1.845507856110249,Target,28.11.2020
9,C4,1,2.307893197583801,Target,28.11.2020
9,Pz,1,-0.1602446530233702,Target,28.11.2020
9,Fz,2,2.2908601037587286,Target,28.11.2020
9,Fc1,2,5.101791746014832,Target,28.11.2020
9,Fc2,2,5.37085625878311,Target,28.11.2020
9,C3,2,2.21031476906026,Target,28.11.2020
9,Cz,2,2.4697484249980444,Target,28.11.2020
9,C4,2,1.6099115985666117,Target,28.11.2020
9,Pz,2,1.1601975587001532,Target,28.11.2020
9,Fz,3,2.2151235558844333,Target,28.11.2020
9,Fc1,3,2.842721784696065,Target,28.11.2020
9,Fc2,3,3.659492287906371,Target,28.11.2020
9,C3,3,1.7158145438010886,Target,28.11.2020
9,Cz,3,1.6704405985690878,Target,28.11.2020
9,C4,3,0.8217318462993027,Target,28.11.2020
9,Pz,3,0.546203014801826,Target,28.11.2020
9,Fz,4,1.8732476394109128,Target,28.11.2020
9,Fc1,4,-1.2295618043735743,Target,28.11.2020
9,Fc2,4,-1.806342517105972,Target,28.11.2020
9,C3,4,2.6413864181148394,Target,28.11.2020
9,Cz,4,3.001387406207948,Target,28.11.2020
9,C4,4,1.5166922268906264,Target,28.11.2020
9,Pz,4,0.7900069413129582,Target,28.11.2020
9,Fz,5,-3.4416803392056043,Target,28.11.2020
9,Fc1,5,-1.710612704639955,Target,28.11.2020
9,Fc2,5,-0.8251493447141864,Target,28.11.2020
9,C3,5,-3.043180254302729,Target,28.11.2020
9,Cz,5,-2.3017139113538074,Target,28.11.2020
9,C4,5,-1.5167987494713553,Target,28.11.2020
9,Pz,5,-2.3231453219617237,Target,28.11.2020
9,Fz,6,-0.4396379224373935,Target,28.11.2020
9,Fc1,6,-0.0431616579382628,Target,28.11.2020
9,Fc2,6,1.0693186228197096,Target,28.11.2020
9,C3,6,-1.81859389709424,Target,28.11.2020
9,Cz,6,-0.8854695200415665,Target,28.11.2020
9,C4,6,-0.5129885151474736,Target,28.11.2020
9,Pz,6,0.3127021750510527,Target,28.11.2020
9,Fz,1,-0.4874245462476819,nonTarget,28.11.2020
9,Fc1,1,0.1630316212990846,nonTarget,28.11.2020
9,Fc2,1,0.7517547371622618,nonTarget,28.11.2020
9,C3,1,-1.2610134876677035,nonTarget,28.11.2020
9,Cz,1,-1.4381957918506192,nonTarget,28.11.2020
9,C4,1,-0.6242324844021581,nonTarget,28.11.2020
9,Pz,1,-1.4723319785633984,nonTarget,28.11.2020
9,Fz,2,0.7852127234616362,nonTarget,28.11.2020
9,Fc1,2,2.051073006891105,nonTarget,28.11.2020
9,Fc2,2,2.214275912335367,nonTarget,28.11.2020
9,C3,2,1.2402747255016413,nonTarget,28.11.2020
9,Cz,2,0.547068906250826,nonTarget,28.11.2020
9,C4,2,0.0858546247580758,nonTarget,28.11.2020
9,Pz,2,1.4369579419042124,nonTarget,28.11.2020
9,Fz,3,-0.3352632922023442,nonTarget,28.11.2020
9,Fc1,3,-0.6381388007466249,nonTarget,28.11.2020
9,Fc2,3,-0.3703219015548409,nonTarget,28.11.2020
9,C3,3,-0.6374987671144888,nonTarget,28.11.2020
9,Cz,3,-0.4968632645189927,nonTarget,28.11.2020
9,C4,3,-0.4595880833077204,nonTarget,28.11.2020
9,Pz,3,-0.8141688798768845,nonTarget,28.11.2020
9,Fz,4,1.4821727267383538,nonTarget,28.11.2020
9,Fc1,4,4.083096652447606,nonTarget,28.11.2020
9,Fc2,4,4.35353633588795,nonTarget,28.11.2020
9,C3,4,1.2957703977205042,nonTarget,28.11.2020
9,Cz,4,0.6481287877200834,nonTarget,28.11.2020
9,C4,4,0.8369387637090852,nonTarget,28.11.2020
9,Pz,4,1.2516186822743776,nonTarget,28.11.2020
9,Fz,5,1.0047886761235665,nonTarget,28.11.2020
9,Fc1,5,1.4792946799384072,nonTarget,28.11.2020
9,Fc2,5,1.0296986414926457,nonTarget,28.11.2020
9,C3,5,1.4115169249170478,nonTarget,28.11.2020
9,Cz,5,1.037076020765695,nonTarget,28.11.2020
9,C4,5,0.2886033115979812,nonTarget,28.11.2020
9,Pz,5,0.1039546974569067,nonTarget,28.11.2020
9,Fz,6,-0.4492164511127807,nonTarget,28.11.2020
9,Fc1,6,0.1466545325829385,nonTarget,28.11.2020
9,Fc2,6,0.6802370293547253,nonTarget,28.11.2020
9,C3,6,-0.61773860302062,nonTarget,28.11.2020
9,Cz,6,-0.916718854788624,nonTarget,28.11.2020
9,C4,6,-0.1278880049140616,nonTarget,28.11.2020
9,Pz,6,0.1706883354854354,nonTarget,28.11.2020
13,Fz,1,1.1978997432051983,Target,01.12.2020
13,Fc1,1,0.7995676327816462,Target,01.12.2020
13,Fc2,1,2.1561628788729577,Target,01.12.2020
13,C3,1,0.710995148186532,Target,01.12.2020
13,Cz,1,2.0824549024657006,Target,01.12.2020
13,C4,1,2.208857292498545,Target,01.12.2020
13,Pz,1,-0.0618019078887818,Target,01.12.2020
13,Fz,2,-2.7613266507420007,Target,01.12.2020
13,Fc1,2,-0.6893674507236202,Target,01.12.2020
13,Fc2,2,-0.8956001014890611,Target,01.12.2020
13,C3,2,0.3519188698389064,Target,01.12.2020
13,Cz,2,0.5252197991688975,Target,01.12.2020
13,C4,2,0.334019210995958,Target,01.12.2020
13,Pz,2,0.1285439010145602,Target,01.12.2020
13,Fz,3,1.0166023281374206,Target,01.12.2020
13,Fc1,3,2.0080635084671568,Target,01.12.2020
13,Fc2,3,1.6597592033657338,Target,01.12.2020
13,C3,3,1.4434373637871398,Target,01.12.2020
13,Cz,3,1.9910896209463336,Target,01.12.2020
13,C4,3,1.6252220373091764,Target,01.12.2020
13,Pz,3,1.1734834857671097,Target,01.12.2020
13,Fz,4,5.206176773458644,Target,01.12.2020
13,Fc1,4,5.943610898951739,Target,01.12.2020
13,Fc2,4,3.756778891415988,Target,01.12.2020
13,C3,4,5.202598477592103,Target,01.12.2020
13,Cz,4,4.112328883792332,Target,01.12.2020
13,C4,4,2.62787783131578,Target,01.12.2020
13,Pz,4,2.6865158253086907,Target,01.12.2020
13,Fz,5,-0.1997216129731874,Target,01.12.2020
13,Fc1,5,0.2530715444400696,Target,01.12.2020
13,Fc2,5,1.4689297862424464,Target,01.12.2020
13,C3,5,0.1747112409655858,Target,01.12.2020
13,Cz,5,1.6946966157883845,Target,01.12.2020
13,C4,5,1.6096450718487048,Target,01.12.2020
13,Pz,5,0.8590885224296623,Target,01.12.2020
13,Fz,6,3.419646496910812,Target,01.12.2020
13,Fc1,6,3.836735166595196,Target,01.12.2020
13,Fc2,6,2.8595196157138867,Target,01.12.2020
13,C3,6,3.3324673902454816,Target,01.12.2020
13,Cz,6,3.212089840006511,Target,01.12.2020
13,C4,6,2.263412718147548,Target,01.12.2020
13,Pz,6,0.9884627295505796,Target,01.12.2020
13,Fz,1,-1.039470405808809,nonTarget,01.12.2020
13,Fc1,1,-1.2391783298479906,nonTarget,01.12.2020
13,Fc2,1,-0.9126986100010024,nonTarget,01.12.2020
13,C3,1,-1.6117220449738872,nonTarget,01.12.2020
13,Cz,1,-1.1989163492426045,nonTarget,01.12.2020
13,C4,1,-0.6111370943388841,nonTarget,01.12.2020
13,Pz,1,-1.3875509998451645,nonTarget,01.12.2020
13,Fz,2,0.9670930175208396,nonTarget,01.12.2020
13,Fc1,2,0.573390184299856,nonTarget,01.12.2020
13,Fc2,2,0.4957502911368535,nonTarget,01.12.2020
13,C3,2,0.3571484370688948,nonTarget,01.12.2020
13,Cz,2,0.102088780750597,nonTarget,01.12.2020
13,C4,2,0.1342680559505843,nonTarget,01.12.2020
13,Pz,2,-0.5341270584030434,nonTarget,01.12.2020
13,Fz,3,1.066164942157358,nonTarget,01.12.2020
13,Fc1,3,0.3130755213879707,nonTarget,01.12.2020
13,Fc2,3,0.8651262270216264,nonTarget,01.12.2020
13,C3,3,0.4278132359785384,nonTarget,01.12.2020
13,Cz,3,0.544630287704295,nonTarget,01.12.2020
13,C4,3,0.1881391977168251,nonTarget,01.12.2020
13,Pz,3,0.4184950744807588,nonTarget,01.12.2020
13,Fz,4,0.2949333772708323,nonTarget,01.12.2020
13,Fc1,4,1.0013148028739822,nonTarget,01.12.2020
13,Fc2,4,0.2861210370447334,nonTarget,01.12.2020
13,C3,4,0.8128991717337262,nonTarget,01.12.2020
13,Cz,4,0.5416575731427644,nonTarget,01.12.2020
13,C4,4,-0.2762949587652765,nonTarget,01.12.2020
13,Pz,4,0.143769270509274,nonTarget,01.12.2020
13,Fz,5,1.3758356787200767,nonTarget,01.12.2020
13,Fc1,5,0.2916687939153949,nonTarget,01.12.2020
13,Fc2,5,0.6245672048742767,nonTarget,01.12.2020
13,C3,5,-0.2313179878601044,nonTarget,01.12.2020
13,Cz,5,-0.228785928593979,nonTarget,01.12.2020
13,C4,5,0.043685894484208,nonTarget,01.12.2020
13,Pz,5,-0.4376533359159227,nonTarget,01.12.2020
13,Fz,6,-1.1115180523508128,nonTarget,01.12.2020
13,Fc1,6,-0.7369757188287431,nonTarget,01.12.2020
13,Fc2,6,-1.3807242534207311,nonTarget,01.12.2020
13,C3,6,-0.1710499311443717,nonTarget,01.12.2020
13,Cz,6,-1.3596185986044422,nonTarget,01.12.2020
13,C4,6,-1.0767421727303446,nonTarget,01.12.2020
13,Pz,6,-1.156515275469244,nonTarget,01.12.2020
14,Fz,1,0.8270003419701459,Target,03.12.2020
14,Fc1,1,1.7455238710268386,Target,03.12.2020
14,Fc2,1,2.49420520618628,Target,03.12.2020
14,C3,1,1.7343528792085467,Target,03.12.2020
14,Cz,1,1.7711799766505232,Target,03.12.2020
14,C4,1,1.814177473089882,Target,03.12.2020
14,Pz,1,0.8259198953565658,Target,03.12.2020
14,Fz,2,2.758091184621237,Target,03.12.2020
14,Fc1,2,4.205026159869734,Target,03.12.2020
14,Fc2,2,2.5278541214196566,Target,03.12.2020
14,C3,2,3.9291306621863216,Target,03.12.2020
14,Cz,2,3.374707728673211,Target,03.12.2020
14,C4,2,1.5424348667026764,Target,03.12.2020
14,Pz,2,2.6040290991310697,Target,03.12.2020
14,Fz,3,1.990736320611345,Target,03.12.2020
14,Fc1,3,1.7425975080495877,Target,03.12.2020
14,Fc2,3,2.684581299387429,Target,03.12.2020
14,C3,3,1.279840407536005,Target,03.12.2020
14,Cz,3,3.6565380322041054,Target,03.12.2020
14,C4,3,2.004123324730479,Target,03.12.2020
14,Pz,3,-0.4161578949229561,Target,03.12.2020
14,Fz,4,2.383545370335436,Target,03.12.2020
14,Fc1,4,3.485248127728611,Target,03.12.2020
14,Fc2,4,1.956949155767847,Target,03.12.2020
14,C3,4,2.742368788199774,Target,03.12.2020
14,Cz,4,2.644952072765414,Target,03.12.2020
14,C4,4,1.322655746167274,Target,03.12.2020
14,Pz,4,2.40596016470784,Target,03.12.2020
14,Fz,5,0.6416460425220347,Target,03.12.2020
14,Fc1,5,1.2693113804242246,Target,03.12.2020
14,Fc2,5,1.27956036058836,Target,03.12.2020
14,C3,5,0.5273752089725938,Target,03.12.2020
14,Cz,5,2.941791302315101,Target,03.12.2020
14,C4,5,2.009186285279997,Target,03.12.2020
14,Pz,5,0.4668226480335899,Target,03.12.2020
14,Fz,6,2.948747237729105,Target,03.12.2020
14,Fc1,6,3.4604782818201185,Target,03.12.2020
14,Fc2,6,1.9928991885343064,Target,03.12.2020
14,C3,6,3.155117200533385,Target,03.12.2020
14,Cz,6,3.0426271723523803,Target,03.12.2020
14,C4,6,1.411837186406273,Target,03.12.2020
14,Pz,6,2.735106067415266,Target,03.12.2020
14,Fz,1,-1.0415417423781264,nonTarget,03.12.2020
14,Fc1,1,-1.6200480277965157,nonTarget,03.12.2020
14,Fc2,1,-0.8299688958072571,nonTarget,03.12.2020
14,C3,1,-1.1351222201640652,nonTarget,03.12.2020
14,Cz,1,-0.924644962859756,nonTarget,03.12.2020
14,C4,1,-0.9105198452489692,nonTarget,03.12.2020
14,Pz,1,-0.9534273631571312,nonTarget,03.12.2020
14,Fz,2,0.617437753236839,nonTarget,03.12.2020
14,Fc1,2,0.4926285500947526,nonTarget,03.12.2020
14,Fc2,2,0.4975320254215894,nonTarget,03.12.2020
14,C3,2,0.6728302324024118,nonTarget,03.12.2020
14,Cz,2,0.3209391566983811,nonTarget,03.12.2020
14,C4,2,-0.1070684777447343,nonTarget,03.12.2020
14,Pz,2,0.535009698950232,nonTarget,03.12.2020
14,Fz,3,-0.4557411074432986,nonTarget,03.12.2020
14,Fc1,3,-0.3324924463674963,nonTarget,03.12.2020
14,Fc2,3,-0.4427941054059527,nonTarget,03.12.2020
14,C3,3,-0.7980108257396799,nonTarget,03.12.2020
14,Cz,3,-0.3788652715462825,nonTarget,03.12.2020
14,C4,3,-0.7153663034861131,nonTarget,03.12.2020
14,Pz,3,-0.1710396488169717,nonTarget,03.12.2020
14,Fz,4,0.1435161931390603,nonTarget,03.12.2020
14,Fc1,4,0.0187372753688844,nonTarget,03.12.2020
14,Fc2,4,-0.5235931126819675,nonTarget,03.12.2020
14,C3,4,0.1723143781904354,nonTarget,03.12.2020
14,Cz,4,-0.8758277100874627,nonTarget,03.12.2020
14,C4,4,-0.643881544042391,nonTarget,03.12.2020
14,Pz,4,-1.3331104639953717,nonTarget,03.12.2020
14,Fz,5,0.3609763030006834,nonTarget,03.12.2020
14,Fc1,5,0.0887025132503468,nonTarget,03.12.2020
14,Fc2,5,-0.0039508858123441,nonTarget,03.12.2020
14,C3,5,-0.4318017180685672,nonTarget,03.12.2020
14,Cz,5,-0.6730819517347915,nonTarget,03.12.2020
14,C4,5,0.2476124570074253,nonTarget,03.12.2020
14,Pz,5,-0.7979198133121995,nonTarget,03.12.2020
14,Fz,6,0.5391324916568647,nonTarget,03.12.2020
14,Fc1,6,0.227416644957675,nonTarget,03.12.2020
14,Fc2,6,0.2903587912529834,nonTarget,03.12.2020
14,C3,6,0.4716476055390984,nonTarget,03.12.2020
14,Cz,6,-0.2943211081409786,nonTarget,03.12.2020
14,C4,6,0.0926124125416306,nonTarget,03.12.2020
14,Pz,6,-0.4541899450440591,nonTarget,03.12.2020
15,Fz,1,1.7937195973921014,Target,05.12.2020
15,Fc1,1,1.8507387881191013,Target,05.12.2020
15,Fc2,1,2.236909988968474,Target,05.12.2020
15,C3,1,1.0896245149560029,Target,05.12.2020
15,Cz,1,2.171019331495141,Target,05.12.2020
15,C4,1,2.268270635626556,Target,05.12.2020
15,Pz,1,-1.2934298826041466,Target,05.12.2020
15,Fz,2,-0.3802834839210762,Target,05.12.2020
15,Fc1,2,1.589433796307483,Target,05.12.2020
15,Fc2,2,0.2462861656692912,Target,05.12.2020
15,C3,2,2.286112059516563,Target,05.12.2020
15,Cz,2,1.91605346976142,Target,05.12.2020
15,C4,2,0.782427532845672,Target,05.12.2020
15,Pz,2,0.4610849042618461,Target,05.12.2020
15,Fz,3,1.665061481552101,Target,05.12.2020
15,Fc1,3,2.0492858964546974,Target,05.12.2020
15,Fc2,3,2.040775085649408,Target,05.12.2020
15,C3,3,1.4700233479979243,Target,05.12.2020
15,Cz,3,2.681468698035511,Target,05.12.2020
15,C4,3,2.5876806573557465,Target,05.12.2020
15,Pz,3,1.3970074825308172,Target,05.12.2020
15,Fz,4,2.756752807812449,Target,05.12.2020
15,Fc1,4,2.6948281093942543,Target,05.12.2020
15,Fc2,4,3.1895962606796013,Target,05.12.2020
15,C3,4,3.1479414736132507,Target,05.12.2020
15,Cz,4,1.8723377385591664,Target,05.12.2020
15,C4,4,2.3766071560698574,Target,05.12.2020
15,Pz,4,-2.294927365796094,Target,05.12.2020
15,Fz,5,0.7799802982758741,Target,05.12.2020
15,Fc1,5,1.3916863838549896,Target,05.12.2020
15,Fc2,5,1.254314392596763,Target,05.12.2020
15,C3,5,1.841110509385989,Target,05.12.2020
15,Cz,5,3.0176502449842006,Target,05.12.2020
15,C4,5,0.3948555373365906,Target,05.12.2020
15,Pz,5,-0.0151734297602827,Target,05.12.2020
15,Fz,6,1.9087853158838997,Target,05.12.2020
15,Fc1,6,3.032377539077139,Target,05.12.2020
15,Fc2,6,2.0037742784892183,Target,05.12.2020
15,C3,6,3.755275262760173,Target,05.12.2020
15,Cz,6,3.104854225857263,Target,05.12.2020
15,C4,6,1.6989635990934884,Target,05.12.2020
15,Pz,6,1.808734390269632,Target,05.12.2020
15,Fz,1,-0.4557150403222808,nonTarget,05.12.2020
15,Fc1,1,-0.6872321626713536,nonTarget,05.12.2020
15,Fc2,1,0.081802092792586,nonTarget,05.12.2020
15,C3,1,-0.8371874880860961,nonTarget,05.12.2020
15,Cz,1,-0.5165784524140102,nonTarget,05.12.2020
15,C4,1,-0.0887059330880832,nonTarget,05.12.2020
15,Pz,1,0.0435566262396304,nonTarget,05.12.2020
15,Fz,2,0.142243520338902,nonTarget,05.12.2020
15,Fc1,2,-0.4203374122561905,nonTarget,05.12.2020
15,Fc2,2,-0.6005923280213037,nonTarget,05.12.2020
15,C3,2,-0.5252542646704375,nonTarget,05.12.2020
15,Cz,2,-0.7800346254640274,nonTarget,05.12.2020
15,C4,2,-0.0379323938821504,nonTarget,05.12.2020
15,Pz,2,-1.2362388866924916,nonTarget,05.12.2020
15,Fz,3,0.6848645925481797,nonTarget,05.12.2020
15,Fc1,3,-0.4733322171682519,nonTarget,05.12.2020
15,Fc2,3,0.696168214963937,nonTarget,05.12.2020
15,C3,3,-1.253371531586493,nonTarget,05.12.2020
15,Cz,3,-0.3492028249515044,nonTarget,05.12.2020
15,C4,3,0.3175417958099788,nonTarget,05.12.2020
15,Pz,3,-0.0251231628616618,nonTarget,05.12.2020
15,Fz,4,0.5056004264706335,nonTarget,05.12.2020
15,Fc1,4,0.5463855145222198,nonTarget,05.12.2020
15,Fc2,4,0.071807050793146,nonTarget,05.12.2020
15,C3,4,0.4104638633505771,nonTarget,05.12.2020
15,Cz,4,0.1571572703049145,nonTarget,05.12.2020
15,C4,4,-0.4325143014428834,nonTarget,05.12.2020
15,Pz,4,-0.1196513867890664,nonTarget,05.12.2020
15,Fz,5,-0.3965141063315313,nonTarget,05.12.2020
15,Fc1,5,-0.3256697407925258,nonTarget,05.12.2020
15,Fc2,5,-0.2934191264831109,nonTarget,05.12.2020
15,C3,5,-0.3569033431779792,nonTarget,05.12.2020
15,Cz,5,-0.6617916556036885,nonTarget,05.12.2020
15,C4,5,-0.396999607197156,nonTarget,05.12.2020
15,Pz,5,-0.8326156050498033,nonTarget,05.12.2020
15,Fz,6,0.4741333858292689,nonTarget,05.12.2020
15,Fc1,6,0.4632177057501163,nonTarget,05.12.2020
15,Fc2,6,-0.0520816232349787,nonTarget,05.12.2020
15,C3,6,1.0321534978703593,nonTarget,05.12.2020
15,Cz,6,0.0727613705623999,nonTarget,05.12.2020
15,C4,6,-0.5839753273573849,nonTarget,05.12.2020
15,Pz,6,-0.3579518138898165,nonTarget,05.12.2020
17,Fz,1,1.2576414269533909,Target,08.12.2020
17,Fc1,1,0.6294672245352957,Target,08.12.2020
17,Fc2,1,0.8969612291681028,Target,08.12.2020
17,C3,1,0.1880869116008287,Target,08.12.2020
17,Cz,1,0.3712456604525117,Target,08.12.2020
17,C4,1,0.7432505645648589,Target,08.12.2020
17,Pz,1,-1.0901993368240217,Target,08.12.2020
17,Fz,2,2.130280435739512,Target,08.12.2020
17,Fc1,2,2.2348152248314985,Target,08.12.2020
17,Fc2,2,1.757898146412989,Target,08.12.2020
17,C3,2,1.6388092651901136,Target,08.12.2020
17,Cz,2,1.089583992430394,Target,08.12.2020
17,C4,2,1.0542133836151484,Target,08.12.2020
17,Pz,2,0.4780661208031169,Target,08.12.2020
17,Fz,3,3.2528150893175733,Target,08.12.2020
17,Fc1,3,3.0530754057547127,Target,08.12.2020
17,Fc2,3,3.1600371342476423,Target,08.12.2020
17,C3,3,2.0503691922113063,Target,08.12.2020
17,Cz,3,3.874209724727357,Target,08.12.2020
17,C4,3,2.55828608355416,Target,08.12.2020
17,Pz,3,0.5175034307769603,Target,08.12.2020
17,Fz,4,0.3334030321141093,Target,08.12.2020
17,Fc1,4,1.8634140247764708,Target,08.12.2020
17,Fc2,4,1.5617594052358454,Target,08.12.2020
17,C3,4,1.6041641323860576,Target,08.12.2020
17,Cz,4,2.1931212890243525,Target,08.12.2020
17,C4,4,1.0348725714073246,Target,08.12.2020
17,Pz,4,1.6399323855759462,Target,08.12.2020
17,Fz,5,2.7227005370602466,Target,08.12.2020
17,Fc1,5,2.2621095418987918,Target,08.12.2020
17,Fc2,5,1.9141506689910035,Target,08.12.2020
17,C3,5,1.444172260886366,Target,08.12.2020
17,Cz,5,1.4174352865957982,Target,08.12.2020
17,C4,5,1.6168882598321832,Target,08.12.2020
17,Pz,5,1.5064827781736456,Target,08.12.2020
17,Fz,6,-0.5463359274559054,Target,08.12.2020
17,Fc1,6,-0.2237258410268026,Target,08.12.2020
17,Fc2,6,0.501431429636728,Target,08.12.2020
17,C3,6,0.931134479615158,Target,08.12.2020
17,Cz,6,2.0837934237301248,Target,08.12.2020
17,C4,6,1.0280196299312592,Target,08.12.2020
17,Pz,6,1.893568730347595,Target,08.12.2020
17,Fz,1,0.149258783095807,nonTarget,08.12.2020
17,Fc1,1,0.0876809715090106,nonTarget,08.12.2020
17,Fc2,1,0.4010135159019955,nonTarget,08.12.2020
17,C3,1,-0.0383935379878982,nonTarget,08.12.2020
17,Cz,1,-0.1386134802148097,nonTarget,08.12.2020
17,C4,1,0.2133885869770066,nonTarget,08.12.2020
17,Pz,1,-0.0251972658706721,nonTarget,08.12.2020
17,Fz,2,-0.0329048299526879,nonTarget,08.12.2020
17,Fc1,2,-0.0671404448570667,nonTarget,08.12.2020
17,Fc2,2,-0.4812559834625056,nonTarget,08.12.2020
17,C3,2,-0.3912430675683813,nonTarget,08.12.2020
17,Cz,2,-0.8333327385693321,nonTarget,08.12.2020
17,C4,2,-0.8564993161187893,nonTarget,08.12.2020
17,Pz,2,-0.5024725793511093,nonTarget,08.12.2020
17,Fz,3,1.2516753074129778,nonTarget,08.12.2020
17,Fc1,3,0.5746056898289836,nonTarget,08.12.2020
17,Fc2,3,0.8273783035829527,nonTarget,08.12.2020
17,C3,3,0.0364195382492543,nonTarget,08.12.2020
17,Cz,3,0.2552571174767779,nonTarget,08.12.2020
17,C4,3,0.6540750041014183,nonTarget,08.12.2020
17,Pz,3,-0.2407138873303629,nonTarget,08.12.2020
17,Fz,4,2.040216404379392,nonTarget,08.12.2020
17,Fc1,4,1.3790633602167155,nonTarget,08.12.2020
17,Fc2,4,0.7957517570004671,nonTarget,08.12.2020
17,C3,4,0.7677283003709932,nonTarget,08.12.2020
17,Cz,4,0.1220195176231925,nonTarget,08.12.2020
17,C4,4,0.2041295602753371,nonTarget,08.12.2020
17,Pz,4,-0.4955747533884049,nonTarget,08.12.2020
17,Fz,5,-0.8323359354168933,nonTarget,08.12.2020
17,Fc1,5,-0.8218047709568239,nonTarget,08.12.2020
17,Fc2,5,-0.6002025051356739,nonTarget,08.12.2020
17,C3,5,-0.8183530696082906,nonTarget,08.12.2020
17,Cz,5,-0.9902584455552248,nonTarget,08.12.2020
17,C4,5,-0.2632137990407871,nonTarget,08.12.2020
17,Pz,5,-0.4658186459823181,nonTarget,08.12.2020
17,Fz,6,-0.0984343134784778,nonTarget,08.12.2020
17,Fc1,6,-0.6405477862331787,nonTarget,08.12.2020
17,Fc2,6,-0.4447415172368427,nonTarget,08.12.2020
17,C3,6,-0.2885084434637516,nonTarget,08.12.2020
17,Cz,6,-0.4020115731081372,nonTarget,08.12.2020
17,C4,6,-0.381185087412443,nonTarget,08.12.2020
17,Pz,6,-0.1434405910143145,nonTarget,08.12.2020
21,Fz,1,-2.609359382743289,Target,12.12.2020
21,Fc1,1,1.2039009278207065,Target,12.12.2020
21,Fc2,1,0.1996473178299183,Target,12.12.2020
21,C3,1,2.49929860477928,Target,12.12.2020
21,Cz,1,1.889845656522429,Target,12.12.2020
21,C4,1,1.5659579114639717,Target,12.12.2020
21,Pz,1,3.0395940047096253,Target,12.12.2020
21,Fz,2,-0.6153563713446851,Target,12.12.2020
21,Fc1,2,0.9987290802719232,Target,12.12.2020
21,Fc2,2,0.2510153201192098,Target,12.12.2020
21,C3,2,1.601026229938715,Target,12.12.2020
21,Cz,2,1.031448413672612,Target,12.12.2020
21,C4,2,1.3673713252679875,Target,12.12.2020
21,Pz,2,0.8300518727664888,Target,12.12.2020
21,Fz,3,0.80922850732725,Target,12.12.2020
21,Fc1,3,0.7719984949072245,Target,12.12.2020
21,Fc2,3,1.1545571291537242,Target,12.12.2020
21,C3,3,0.7865031361812308,Target,12.12.2020
21,Cz,3,1.1323461830840909,Target,12.12.2020
21,C4,3,0.8278492393448706,Target,12.12.2020
21,Pz,3,0.998729231142607,Target,12.12.2020
21,Fz,4,0.3388141733516234,Target,12.12.2020
21,Fc1,4,3.2073521931599025,Target,12.12.2020
21,Fc2,4,0.4173980715660364,Target,12.12.2020
21,C3,4,3.240814766874553,Target,12.12.2020
21,Cz,4,0.6896812285137959,Target,12.12.2020
21,C4,4,1.2049012276486792,Target,12.12.2020
21,Pz,4,1.4603178187761643,Target,12.12.2020
21,Fz,5,1.3077494266591931,Target,12.12.2020
21,Fc1,5,1.5523143315928378,Target,12.12.2020
21,Fc2,5,1.9600793026885364,Target,12.12.2020
21,C3,5,0.4440762953275186,Target,12.12.2020
21,Cz,5,1.4484841181245254,Target,12.12.2020
21,C4,5,0.1231195724962859,Target,12.12.2020
21,Pz,5,0.90015500422353,Target,12.12.2020
21,Fz,6,3.1278854547932213,Target,12.12.2020
21,Fc1,6,4.508276166376681,Target,12.12.2020
21,Fc2,6,3.188752827520649,Target,12.12.2020
21,C3,6,4.693993908619343,Target,12.12.2020
21,Cz,6,3.187785691055422,Target,12.12.2020
21,C4,6,3.634434560067063,Target,12.12.2020
21,Pz,6,4.011044171071434,Target,12.12.2020
21,Fz,1,-1.5068292797295602,nonTarget,12.12.2020
21,Fc1,1,-1.7541709095320377,nonTarget,12.12.2020
21,Fc2,1,-1.045300393904787,nonTarget,12.12.2020
21,C3,1,-1.8901535549634076,nonTarget,12.12.2020
21,Cz,1,-0.955909195827196,nonTarget,12.12.2020
21,C4,1,-1.9000010637883955,nonTarget,12.12.2020
21,Pz,1,-1.790292552083925,nonTarget,12.12.2020
21,Fz,2,-0.7159222095944684,nonTarget,12.12.2020
21,Fc1,2,-0.473138148006572,nonTarget,12.12.2020
21,Fc2,2,-1.0111116368024369,nonTarget,12.12.2020
21,C3,2,-0.4455741061949928,nonTarget,12.12.2020
21,Cz,2,-1.2900458135688226,nonTarget,12.12.2020
21,C4,2,-0.8331756903134362,nonTarget,12.12.2020
21,Pz,2,-1.0190202417471823,nonTarget,12.12.2020
21,Fz,3,0.0176241422152087,nonTarget,12.12.2020
21,Fc1,3,-0.1060409737167261,nonTarget,12.12.2020
21,Fc2,3,0.4725332491145316,nonTarget,12.12.2020
21,C3,3,-0.6216289087529101,nonTarget,12.12.2020
21,Cz,3,0.3396953179117064,nonTarget,12.12.2020
21,C4,3,-0.4862618131819884,nonTarget,12.12.2020
21,Pz,3,-0.1345487986015783,nonTarget,12.12.2020
21,Fz,4,-1.871106290096621,nonTarget,12.12.2020
21,Fc1,4,-0.4959142507701997,nonTarget,12.12.2020
21,Fc2,4,-1.3092403825702212,nonTarget,12.12.2020
21,C3,4,0.6409495953171924,nonTarget,12.12.2020
21,Cz,4,-1.048187835078746,nonTarget,12.12.2020
21,C4,4,-0.4762243465171979,nonTarget,12.12.2020
21,Pz,4,-0.5403288089229861,nonTarget,12.12.2020
21,Fz,5,0.4447298442400146,nonTarget,12.12.2020
21,Fc1,5,-0.3335426415859792,nonTarget,12.12.2020
21,Fc2,5,-0.0315856903555758,nonTarget,12.12.2020
21,C3,5,-0.3717531209381152,nonTarget,12.12.2020
21,Cz,5,-0.5071967543047268,nonTarget,12.12.2020
21,C4,5,-0.8823062243092594,nonTarget,12.12.2020
21,Pz,5,-0.6247961199808476,nonTarget,12.12.2020
21,Fz,6,0.3922320480720382,nonTarget,12.12.2020
21,Fc1,6,0.5718693922783655,nonTarget,12.12.2020
21,Fc2,6,0.2347413375517376,nonTarget,12.12.2020
21,C3,6,0.569229066504265,nonTarget,12.12.2020
21,Cz,6,0.1740122788489721,nonTarget,12.12.2020
21,C4,6,0.1442877238464571,nonTarget,12.12.2020
21,Pz,6,0.28998689127956,nonTarget,12.12.2020
22,Fz,1,-1.525396434095229,Target,14.12.2020
22,Fc1,1,0.2227832816248106,Target,14.12.2020
22,Fc2,1,0.3198802120937598,Target,14.12.2020
22,C3,1,-0.7549504770560937,Target,14.12.2020
22,Cz,1,2.216874553059986,Target,14.12.2020
22,C4,1,1.1724480178814916,Target,14.12.2020
22,Pz,1,2.09571367905726,Target,14.12.2020
22,Fz,2,3.372595437879958,Target,14.12.2020
22,Fc1,2,3.970183522614143,Target,14.12.2020
22,Fc2,2,3.6932451046887103,Target,14.12.2020
22,C3,2,4.190584969504576,Target,14.12.2020
22,Cz,2,2.895021594383988,Target,14.12.2020
22,C4,2,1.6251633477982874,Target,14.12.2020
22,Pz,2,2.60662073992642,Target,14.12.2020
22,Fz,3,5.281509806466133,Target,14.12.2020
22,Fc1,3,4.923450049239744,Target,14.12.2020
22,Fc2,3,5.92283842322446,Target,14.12.2020
22,C3,3,4.349089504089679,Target,14.12.2020
22,Cz,3,4.830324882822103,Target,14.12.2020
22,C4,3,3.600266380923416,Target,14.12.2020
22,Pz,3,4.892330759213161,Target,14.12.2020
22,Fz,4,6.892873642151322,Target,14.12.2020
22,Fc1,4,7.346756825043228,Target,14.12.2020
22,Fc2,4,4.430683151943885,Target,14.12.2020
22,C3,4,7.176129308868716,Target,14.12.2020
22,Cz,4,3.0396653941226823,Target,14.12.2020
22,C4,4,4.019079288492708,Target,14.12.2020
22,Pz,4,3.795224378859349,Target,14.12.2020
22,Fz,5,-1.4309472457344343,Target,14.12.2020
22,Fc1,5,-0.8224186647008932,Target,14.12.2020
22,Fc2,5,-0.2264125321440858,Target,14.12.2020
22,C3,5,-0.5337450034429595,Target,14.12.2020
22,Cz,5,0.2312271279464604,Target,14.12.2020
22,C4,5,0.2171489737991944,Target,14.12.2020
22,Pz,5,0.14812487554366,Target,14.12.2020
22,Fz,6,2.3213951873107863,Target,14.12.2020
22,Fc1,6,1.293265205982134,Target,14.12.2020
22,Fc2,6,1.5116096534983268,Target,14.12.2020
22,C3,6,0.2796851271593368,Target,14.12.2020
22,Cz,6,0.866339779758307,Target,14.12.2020
22,C4,6,-0.5282243347705828,Target,14.12.2020
22,Pz,6,0.7213782732021643,Target,14.12.2020
22,Fz,1,0.292116941695308,nonTarget,14.12.2020
22,Fc1,1,-0.4127046433512356,nonTarget,14.12.2020
22,Fc2,1,0.1867445147601031,nonTarget,14.12.2020
22,C3,1,-0.6317132844676538,nonTarget,14.12.2020
22,Cz,1,-0.0151301823047681,nonTarget,14.12.2020
22,C4,1,-0.862470669445107,nonTarget,14.12.2020
22,Pz,1,-0.1731281840142551,nonTarget,14.12.2020
22,Fz,2,1.061591132495176,nonTarget,14.12.2020
22,Fc1,2,0.7331659329823804,nonTarget,14.12.2020
22,Fc2,2,0.5183393320257702,nonTarget,14.12.2020
22,C3,2,0.6839153067835485,nonTarget,14.12.2020
22,Cz,2,0.4740139192637131,nonTarget,14.12.2020
22,C4,2,0.2243841852457037,nonTarget,14.12.2020
22,Pz,2,0.48372761717276,nonTarget,14.12.2020
22,Fz,3,-0.5755671626966343,nonTarget,14.12.2020
22,Fc1,3,-0.4421714094794562,nonTarget,14.12.2020
22,Fc2,3,-0.2146997640447762,nonTarget,14.12.2020
22,C3,3,-0.2108876275904373,nonTarget,14.12.2020
22,Cz,3,-0.1417027298194017,nonTarget,14.12.2020
22,C4,3,0.4609760264745428,nonTarget,14.12.2020
22,Pz,3,-0.0651096235744597,nonTarget,14.12.2020
22,Fz,4,-0.5439804728250327,nonTarget,14.12.2020
22,Fc1,4,-0.0915266260028824,nonTarget,14.12.2020
22,Fc2,4,-0.5547945994046106,nonTarget,14.12.2020
22,C3,4,0.0093193537835137,nonTarget,14.12.2020
22,Cz,4,-0.8291915123402537,nonTarget,14.12.2020
22,C4,4,-1.3057196904286468,nonTarget,14.12.2020
22,Pz,4,-0.560444318347477,nonTarget,14.12.2020
22,Fz,5,-1.175655563655848,nonTarget,14.12.2020
22,Fc1,5,-1.375007064648475,nonTarget,14.12.2020
22,Fc2,5,-0.8429232724133675,nonTarget,14.12.2020
22,C3,5,-1.3514103720725412,nonTarget,14.12.2020
22,Cz,5,-0.491638581576709,nonTarget,14.12.2020
22,C4,5,-1.4086804639449588,nonTarget,14.12.2020
22,Pz,5,-1.0967779960741466,nonTarget,14.12.2020
22,Fz,6,-1.7580936873036168,nonTarget,14.12.2020
22,Fc1,6,-1.218884109183052,nonTarget,14.12.2020
22,Fc2,6,-1.7238995741736425,nonTarget,14.12.2020
22,C3,6,-1.0841382109327893,nonTarget,14.12.2020
22,Cz,6,-1.4480828174622058,nonTarget,14.12.2020
22,C4,6,-1.0011755278072831,nonTarget,14.12.2020
22,Pz,6,-1.8599377148527108,nonTarget,14.12.2020
23,Fz,1,-1.595523295408095,Target,16.12.2020
23,Fc1,1,0.5102445030065936,Target,16.12.2020
23,Fc2,1,1.5646194105213618,Target,16.12.2020
23,C3,1,1.0040038076043896,Target,16.12.2020
23,Cz,1,2.160706388096681,Target,16.12.2020
23,C4,1,1.3810902065129058,Target,16.12.2020
23,Pz,1,2.836702714973223,Target,16.12.2020
23,Fz,2,5.743826578751368,Target,16.12.2020
23,Fc1,2,5.085844829484672,Target,16.12.2020
23,Fc2,2,4.506681581116423,Target,16.12.2020
23,C3,2,3.748370967469532,Target,16.12.2020
23,Cz,2,5.139023680717571,Target,16.12.2020
23,C4,2,2.785833403855963,Target,16.12.2020
23,Pz,2,2.155618065265968,Target,16.12.2020
23,Fz,3,-3.454819341606449,Target,16.12.2020
23,Fc1,3,-1.4973428380287013,Target,16.12.2020
23,Fc2,3,-0.0525481020323352,Target,16.12.2020
23,C3,3,-1.845906775862024,Target,16.12.2020
23,Cz,3,0.771515975079798,Target,16.12.2020
23,C4,3,-0.4007693176410774,Target,16.12.2020
23,Pz,3,0.6915965829122455,Target,16.12.2020
23,Fz,4,1.7115066364837723,Target,16.12.2020
23,Fc1,4,2.3770535331531297,Target,16.12.2020
23,Fc2,4,2.118728894702148,Target,16.12.2020
23,C3,4,2.488316291551616,Target,16.12.2020
23,Cz,4,2.7020770048452505,Target,16.12.2020
23,C4,4,2.031312852122816,Target,16.12.2020
23,Pz,4,2.4479553683451227,Target,16.12.2020
23,Fz,5,-0.985592251750768,Target,16.12.2020
23,Fc1,5,-0.0308223748001091,Target,16.12.2020
23,Fc2,5,0.0423612380053919,Target,16.12.2020
23,C3,5,0.0629071668013323,Target,16.12.2020
23,Cz,5,0.9789796804121504,Target,16.12.2020
23,C4,5,0.1599687478030212,Target,16.12.2020
23,Pz,5,0.2605476823343537,Target,16.12.2020
23,Fz,6,0.5465143703160575,Target,16.12.2020
23,Fc1,6,0.8964468509633724,Target,16.12.2020
23,Fc2,6,0.4212597978620356,Target,16.12.2020
23,C3,6,1.648618528551248,Target,16.12.2020
23,Cz,6,-0.6546060136400891,Target,16.12.2020
23,C4,6,0.92529230997174,Target,16.12.2020
23,Pz,6,0.1108026624369981,Target,16.12.2020
23,Fz,1,-2.8359787231212747,nonTarget,16.12.2020
23,Fc1,1,-2.54129475732225,nonTarget,16.12.2020
23,Fc2,1,-1.8559415575733704,nonTarget,16.12.2020
23,C3,1,-1.8047025611525285,nonTarget,16.12.2020
23,Cz,1,-1.7754394370818616,nonTarget,16.12.2020
23,C4,1,-1.9388481333966827,nonTarget,16.12.2020
23,Pz,1,-1.4589570283138178,nonTarget,16.12.2020
23,Fz,2,-1.6158043727447833,nonTarget,16.12.2020
23,Fc1,2,-1.0083566628452332,nonTarget,16.12.2020
23,Fc2,2,-1.4418690453176255,nonTarget,16.12.2020
23,C3,2,-0.2659102160292265,nonTarget,16.12.2020
23,Cz,2,-1.4674575979394164,nonTarget,16.12.2020
23,C4,2,-0.840853746927539,nonTarget,16.12.2020
23,Pz,2,-0.8042217352193761,nonTarget,16.12.2020
23,Fz,3,-1.22970929782573,nonTarget,16.12.2020
23,Fc1,3,-1.3113980648340455,nonTarget,16.12.2020
23,Fc2,3,-0.2412321960243305,nonTarget,16.12.2020
23,C3,3,-1.4815289593997234,nonTarget,16.12.2020
23,Cz,3,-0.0581319825618789,nonTarget,16.12.2020
23,C4,3,-0.5974293791034317,nonTarget,16.12.2020
23,Pz,3,-0.4851071988861728,nonTarget,16.12.2020
23,Fz,4,-0.3831355943043266,nonTarget,16.12.2020
23,Fc1,4,0.0136298882088667,nonTarget,16.12.2020
23,Fc2,4,-0.050345049798196,nonTarget,16.12.2020
23,C3,4,0.2778768887938801,nonTarget,16.12.2020
23,Cz,4,0.3267395360844976,nonTarget,16.12.2020
23,C4,4,0.1903073748567898,nonTarget,16.12.2020
23,Pz,4,0.0177149001966246,nonTarget,16.12.2020
23,Fz,5,-1.043354221944088,nonTarget,16.12.2020
23,Fc1,5,-0.7693140944321329,nonTarget,16.12.2020
23,Fc2,5,-0.8619660665008144,nonTarget,16.12.2020
23,C3,5,-0.6669868745452828,nonTarget,16.12.2020
23,Cz,5,-0.4103500049163608,nonTarget,16.12.2020
23,C4,5,-1.0892226716395743,nonTarget,16.12.2020
23,Pz,5,-0.6641711651667405,nonTarget,16.12.2020
23,Fz,6,0.230494339595804,nonTarget,16.12.2020
23,Fc1,6,0.1065223765842995,nonTarget,16.12.2020
23,Fc2,6,-0.3108831561829415,nonTarget,16.12.2020
23,C3,6,0.1507879463063308,nonTarget,16.12.2020
23,Cz,6,-0.5244337104507366,nonTarget,16.12.2020
23,C4,6,-0.4182232871046593,nonTarget,16.12.2020
23,Pz,6,-0.6548837560007104,nonTarget,16.12.2020
24,Fz,1,-5.752832359057358,Target,18.12.2020
24,Fc1,1,-2.079643841207226,Target,18.12.2020
24,Fc2,1,-2.159960140258394,Target,18.12.2020
24,C3,1,-1.9082923753896175,Target,18.12.2020
24,Cz,1,-0.7472144575532229,Target,18.12.2020
24,C4,1,-1.5896623003164354,Target,18.12.2020
24,Pz,1,-0.7781732991422461,Target,18.12.2020
24,Fz,2,2.9808446910611144,Target,18.12.2020
24,Fc1,2,4.041051667048373,Target,18.12.2020
24,Fc2,2,2.4505249228677943,Target,18.12.2020
24,C3,2,4.432089585280084,Target,18.12.2020
24,Cz,2,1.3235567047084191,Target,18.12.2020
24,C4,2,3.1780258977011044,Target,18.12.2020
24,Pz,2,2.4539006488991806,Target,18.12.2020
24,Fz,3,1.2153160732523542,Target,18.12.2020
24,Fc1,3,2.4984100178917394,Target,18.12.2020
24,Fc2,3,2.793212122048984,Target,18.12.2020
24,C3,3,0.8686263153789744,Target,18.12.2020
24,Cz,3,2.632403089881061,Target,18.12.2020
24,C4,3,1.5373819997700071,Target,18.12.2020
24,Pz,3,3.311730509840089,Target,18.12.2020
24,Fz,4,6.832208844571805,Target,18.12.2020
24,Fc1,4,6.501346525210122,Target,18.12.2020
24,Fc2,4,5.759792797575805,Target,18.12.2020
24,C3,4,5.027645919094051,Target,18.12.2020
24,Cz,4,4.242533760772837,Target,18.12.2020
24,C4,4,3.7202669843340495,Target,18.12.2020
24,Pz,4,4.313775181885844,Target,18.12.2020
24,Fz,5,0.1947985224549906,Target,18.12.2020
24,Fc1,5,0.7430883274420583,Target,18.12.2020
24,Fc2,5,0.7921589865568506,Target,18.12.2020
24,C3,5,0.1882447783064743,Target,18.12.2020
24,Cz,5,1.223986086832675,Target,18.12.2020
24,C4,5,-0.1808524611030312,Target,18.12.2020
24,Pz,5,1.1285865234328063,Target,18.12.2020
24,Fz,6,4.071647536780371,Target,18.12.2020
24,Fc1,6,4.962758091390155,Target,18.12.2020
24,Fc2,6,3.091057666929164,Target,18.12.2020
24,C3,6,4.21631359405866,Target,18.12.2020
24,Cz,6,2.0898882014573363,Target,18.12.2020
24,C4,6,2.819171880892489,Target,18.12.2020
24,Pz,6,3.3176860455239487,Target,18.12.2020
24,Fz,1,-1.5433504472323167,nonTarget,18.12.2020
24,Fc1,1,-1.5163926960662717,nonTarget,18.12.2020
24,Fc2,1,-1.043214018369241,nonTarget,18.12.2020
24,C3,1,-1.5857095242410892,nonTarget,18.12.2020
24,Cz,1,-0.595892808659798,nonTarget,18.12.2020
24,C4,1,-0.9785594213208064,nonTarget,18.12.2020
24,Pz,1,-0.7034181514410907,nonTarget,18.12.2020
24,Fz,2,-1.1858449366798127,nonTarget,18.12.2020
24,Fc1,2,-0.8326358364659145,nonTarget,18.12.2020
24,Fc2,2,-0.9501981893010548,nonTarget,18.12.2020
24,C3,2,-0.4882781293585725,nonTarget,18.12.2020
24,Cz,2,-0.7529739604345618,nonTarget,18.12.2020
24,C4,2,-0.6704399821556051,nonTarget,18.12.2020
24,Pz,2,-0.797487411172774,nonTarget,18.12.2020
24,Fz,3,-2.029648593631536,nonTarget,18.12.2020
24,Fc1,3,-1.672412096243972,nonTarget,18.12.2020
24,Fc2,3,-0.6645032117471911,nonTarget,18.12.2020
24,C3,3,-1.665733218114605,nonTarget,18.12.2020
24,Cz,3,-0.2307478336814502,nonTarget,18.12.2020
24,C4,3,-1.3361517320792025,nonTarget,18.12.2020
24,Pz,3,-0.4983917783590268,nonTarget,18.12.2020
24,Fz,4,1.253095950413255,nonTarget,18.12.2020
24,Fc1,4,1.807599873935062,nonTarget,18.12.2020
24,Fc2,4,0.0708755286445672,nonTarget,18.12.2020
24,C3,4,1.830703808217378,nonTarget,18.12.2020
24,Cz,4,-0.5273447223739054,nonTarget,18.12.2020
24,C4,4,0.1433163594849409,nonTarget,18.12.2020
24,Pz,4,-0.0986954317438359,nonTarget,18.12.2020
24,Fz,5,-0.3969904985540546,nonTarget,18.12.2020
24,Fc1,5,-1.0178857973515214,nonTarget,18.12.2020
24,Fc2,5,-0.1422179883141327,nonTarget,18.12.2020
24,C3,5,-1.44594462487743,nonTarget,18.12.2020
24,Cz,5,-0.2749455595296673,nonTarget,18.12.2020
24,C4,5,-1.12969277017217,nonTarget,18.12.2020
24,Pz,5,-0.6750405495850456,nonTarget,18.12.2020
24,Fz,6,-1.9426973616649503,nonTarget,18.12.2020
24,Fc1,6,-1.4530121538346106,nonTarget,18.12.2020
24,Fc2,6,-1.7467580627758068,nonTarget,18.12.2020
24,C3,6,-0.8104749010245519,nonTarget,18.12.2020
24,Cz,6,-1.5389683232470202,nonTarget,18.12.2020
24,C4,6,-1.4568882176222964,nonTarget,18.12.2020
24,Pz,6,-1.4140949670735097,nonTarget,18.12.2020
25,Fz,1,-10.79855790592864,Target,22.12.2020
25,Fc1,1,-5.2215592081115965,Target,22.12.2020
25,Fc2,1,-4.144719056497905,Target,22.12.2020
25,C3,1,-3.146935293375301,Target,22.12.2020
25,Cz,1,-2.34643831552254,Target,22.12.2020
25,C4,1,-1.0369053393678915,Target,22.12.2020
25,Pz,1,-0.4215313121227932,Target,22.12.2020
25,Fz,2,-2.860409969155463,Target,22.12.2020
25,Fc1,2,-0.1137031581658243,Target,22.12.2020
25,Fc2,2,1.4068427926697271,Target,22.12.2020
25,C3,2,-0.550301024509039,Target,22.12.2020
25,Cz,2,0.108390465089954,Target,22.12.2020
25,C4,2,0.0183020153887369,Target,22.12.2020
25,Pz,2,0.4240445897978164,Target,22.12.2020
25,Fz,3,-1.6760528232510614,Target,22.12.2020
25,Fc1,3,0.3505257604559667,Target,22.12.2020
25,Fc2,3,1.038257969900917,Target,22.12.2020
25,C3,3,-0.2940749586335871,Target,22.12.2020
25,Cz,3,1.5103605904246222,Target,22.12.2020
25,C4,3,1.4342083090084734,Target,22.12.2020
25,Pz,3,2.3734222207441644,Target,22.12.2020
25,Fz,4,2.435162346770517,Target,22.12.2020
25,Fc1,4,3.1348601316365965,Target,22.12.2020
25,Fc2,4,2.2067920552277767,Target,22.12.2020
25,C3,4,1.8630684799472963,Target,22.12.2020
25,Cz,4,0.9468617311701328,Target,22.12.2020
25,C4,4,0.0992517372166843,Target,22.12.2020
25,Pz,4,0.5905845187072847,Target,22.12.2020
25,Fz,5,-4.430953507177001,Target,22.12.2020
25,Fc1,5,-1.7347030798087646,Target,22.12.2020
25,Fc2,5,-2.516819374418581,Target,22.12.2020
25,C3,5,-0.9805728231088124,Target,22.12.2020
25,Cz,5,-0.7082689543818479,Target,22.12.2020
25,C4,5,-1.2567661517644737,Target,22.12.2020
25,Pz,5,-0.2982106722388825,Target,22.12.2020
25,Fz,6,1.7369601516908864,Target,22.12.2020
25,Fc1,6,4.508471669401232,Target,22.12.2020
25,Fc2,6,2.9732363235199517,Target,22.12.2020
25,C3,6,4.004088379032993,Target,22.12.2020
25,Cz,6,2.195801396385047,Target,22.12.2020
25,C4,6,3.9453893912552505,Target,22.12.2020
25,Pz,6,4.337310111631317,Target,22.12.2020
25,Fz,1,0.0612390807189908,nonTarget,22.12.2020
25,Fc1,1,-0.323476035952803,nonTarget,22.12.2020
25,Fc2,1,-0.3455498384463535,nonTarget,22.12.2020
25,C3,1,0.0065174585366075,nonTarget,22.12.2020
25,Cz,1,-0.1224232041522466,nonTarget,22.12.2020
25,C4,1,-0.3838947368206666,nonTarget,22.12.2020
25,Pz,1,-0.6154515436762904,nonTarget,22.12.2020
25,Fz,2,1.9716662513355168,nonTarget,22.12.2020
25,Fc1,2,0.8002715046583421,nonTarget,22.12.2020
25,Fc2,2,0.7933208232293733,nonTarget,22.12.2020
25,C3,2,1.1926061485782584,nonTarget,22.12.2020
25,Cz,2,0.2634604914256106,nonTarget,22.12.2020
25,C4,2,0.3962056514551646,nonTarget,22.12.2020
25,Pz,2,0.4648751799459655,nonTarget,22.12.2020
25,Fz,3,-0.5320042646160772,nonTarget,22.12.2020
25,Fc1,3,-0.0608195360512518,nonTarget,22.12.2020
25,Fc2,3,0.3438649784497103,nonTarget,22.12.2020
25,C3,3,-1.2010958741608972,nonTarget,22.12.2020
25,Cz,3,0.0498253640027119,nonTarget,22.12.2020
25,C4,3,-0.781670557021384,nonTarget,22.12.2020
25,Pz,3,-0.6013151510772692,nonTarget,22.12.2020
25,Fz,4,0.2545467772034389,nonTarget,22.12.2020
25,Fc1,4,-0.1418990046939848,nonTarget,22.12.2020
25,Fc2,4,-0.90176435083709,nonTarget,22.12.2020
25,C3,4,-0.4084347668332749,nonTarget,22.12.2020
25,Cz,4,-0.6263531423982694,nonTarget,22.12.2020
25,C4,4,-1.0061237454355314,nonTarget,22.12.2020
25,Pz,4,-0.9943994335187342,nonTarget,22.12.2020
25,Fz,5,-4.542498470027992,nonTarget,22.12.2020
25,Fc1,5,-2.6094662475194355,nonTarget,22.12.2020
25,Fc2,5,-2.5686227829988244,nonTarget,22.12.2020
25,C3,5,-1.5101882851489292,nonTarget,22.12.2020
25,Cz,5,-1.8591790501297767,nonTarget,22.12.2020
25,C4,5,-1.2512489696266895,nonTarget,22.12.2020
25,Pz,5,-1.2003166606131253,nonTarget,22.12.2020
25,Fz,6,2.293198749816676,nonTarget,22.12.2020
25,Fc1,6,0.9930639408715288,nonTarget,22.12.2020
25,Fc2,6,1.1817273578362877,nonTarget,22.12.2020
25,C3,6,1.014744660802708,nonTarget,22.12.2020
25,Cz,6,0.4825259213139109,nonTarget,22.12.2020
25,C4,6,-0.0693418305266341,nonTarget,22.12.2020
25,Pz,6,0.2681029833461146,nonTarget,22.12.2020
26,Fz,1,-1.2105288930495843,Target,28.12.2020
26,Fc1,1,0.3163175167981259,Target,28.12.2020
26,Fc2,1,0.7909477679651695,Target,28.12.2020
26,C3,1,0.479210310855985,Target,28.12.2020
26,Cz,1,1.84480627391126,Target,28.12.2020
26,C4,1,0.8410984549890415,Target,28.12.2020
26,Pz,1,2.452079993952988,Target,28.12.2020
26,Fz,2,2.1669064522587944,Target,28.12.2020
26,Fc1,2,4.558440146765761,Target,28.12.2020
26,Fc2,2,2.5483059822159024,Target,28.12.2020
26,C3,2,5.916991409557741,Target,28.12.2020
26,Cz,2,2.265867533839134,Target,28.12.2020
26,C4,2,3.882406715474121,Target,28.12.2020
26,Pz,2,4.317285705691437,Target,28.12.2020
26,Fz,3,-1.6091650789451062,Target,28.12.2020
26,Fc1,3,1.0301119070601723,Target,28.12.2020
26,Fc2,3,-0.3928464027682615,Target,28.12.2020
26,C3,3,1.5669929886003022,Target,28.12.2020
26,Cz,3,0.208188267575435,Target,28.12.2020
26,C4,3,-0.4411188361466796,Target,28.12.2020
26,Pz,3,-0.3750812967819379,Target,28.12.2020
26,Fz,4,2.6567475394367217,Target,28.12.2020
26,Fc1,4,4.1870280660364685,Target,28.12.2020
26,Fc2,4,2.746129774938156,Target,28.12.2020
26,C3,4,3.919166153777204,Target,28.12.2020
26,Cz,4,2.0124669631782344,Target,28.12.2020
26,C4,4,1.5834625733183154,Target,28.12.2020
26,Pz,4,1.6506079425736564,Target,28.12.2020
26,Fz,5,-0.7692615375062634,Target,28.12.2020
26,Fc1,5,1.4551258204978683,Target,28.12.2020
26,Fc2,5,1.7150074165768143,Target,28.12.2020
26,C3,5,2.2101947675118554,Target,28.12.2020
26,Cz,5,1.8977283953275237,Target,28.12.2020
26,C4,5,2.3301442796577785,Target,28.12.2020
26,Pz,5,2.889868559209664,Target,28.12.2020
26,Fz,6,2.557915794940773,Target,28.12.2020
26,Fc1,6,2.534284572399565,Target,28.12.2020
26,Fc2,6,1.3828658034364032,Target,28.12.2020
26,C3,6,2.790011476630171,Target,28.12.2020
26,Cz,6,0.4937471036517038,Target,28.12.2020
26,C4,6,0.3622881125213062,Target,28.12.2020
26,Pz,6,1.3806203175684255,Target,28.12.2020
26,Fz,1,-1.5634207630558568,nonTarget,28.12.2020
26,Fc1,1,-1.6081131841874492,nonTarget,28.12.2020
26,Fc2,1,-0.4087239403189803,nonTarget,28.12.2020
26,C3,1,-1.7226054848581842,nonTarget,28.12.2020
26,Cz,1,-0.0453754393487573,nonTarget,28.12.2020
26,C4,1,-0.9966658965132376,nonTarget,28.12.2020
26,Pz,1,-0.6725913594615636,nonTarget,28.12.2020
26,Fz,2,-1.1309278758840895,nonTarget,28.12.2020
26,Fc1,2,-0.3025114659101939,nonTarget,28.12.2020
26,Fc2,2,-0.7419350485527241,nonTarget,28.12.2020
26,C3,2,-0.1440008414902303,nonTarget,28.12.2020
26,Cz,2,-0.8716517085789455,nonTarget,28.12.2020
26,C4,2,-0.5554252305646125,nonTarget,28.12.2020
26,Pz,2,-0.6882948370207191,nonTarget,28.12.2020
26,Fz,3,-1.636853804453436,nonTarget,28.12.2020
26,Fc1,3,-1.337373842350835,nonTarget,28.12.2020
26,Fc2,3,-0.3538021500174559,nonTarget,28.12.2020
26,C3,3,-1.3420780823079377,nonTarget,28.12.2020
26,Cz,3,0.3329769139394903,nonTarget,28.12.2020
26,C4,3,-0.7607097970261687,nonTarget,28.12.2020
26,Pz,3,-0.3233826663228708,nonTarget,28.12.2020
26,Fz,4,0.21046944451156,nonTarget,28.12.2020
26,Fc1,4,0.7327101585024607,nonTarget,28.12.2020
26,Fc2,4,-0.6697532263747792,nonTarget,28.12.2020
26,C3,4,1.395504956919872,nonTarget,28.12.2020
26,Cz,4,-0.7755096136247892,nonTarget,28.12.2020
26,C4,4,0.4117558944377906,nonTarget,28.12.2020
26,Pz,4,0.1052970258033312,nonTarget,28.12.2020
26,Fz,5,-1.8201986061873543,nonTarget,28.12.2020
26,Fc1,5,-1.2444351757523195,nonTarget,28.12.2020
26,Fc2,5,-1.0800033288787327,nonTarget,28.12.2020
26,C3,5,-1.1770882048214215,nonTarget,28.12.2020
26,Cz,5,-0.4804506782494701,nonTarget,28.12.2020
26,C4,5,-0.7071879721764349,nonTarget,28.12.2020
26,Pz,5,-0.239273247632479,nonTarget,28.12.2020
26,Fz,6,-1.3477718624367716,nonTarget,28.12.2020
26,Fc1,6,-0.6774072037479583,nonTarget,28.12.2020
26,Fc2,6,-1.0562660046017505,nonTarget,28.12.2020
26,C3,6,-0.4586890704001873,nonTarget,28.12.2020
26,Cz,6,-1.2220390906229903,nonTarget,28.12.2020
26,C4,6,-1.4315300458089804,nonTarget,28.12.2020
26,Pz,6,-1.273993375005971,nonTarget,28.12.2020
