,0,1,2,3,4,5,6
-0.099609375,-0.24173864178904172,0.06954690675617319,-0.011491965092231096,0.12273577422879754,0.05254041090519955,-0.08844626433156141,-0.26104142549369796
-0.09765625,-0.23206456841748935,0.06459622336056291,-0.02549035063251155,0.09509799377864755,0.03296026443397929,-0.1104234600608402,-0.26048366900823994
-0.095703125,-0.22323872339474382,0.055821454946147125,-0.036471917800535256,0.062014925583426535,0.008291811819713476,-0.14135884268392776,-0.2654805266429022
-0.09375,-0.2169345549423747,0.04403140637603375,-0.04207180715541689,0.028261135516552006,-0.016411973967506762,-0.17441992633348097,-0.2739895628859626
-0.091796875,-0.21440880804203355,0.03061161504276379,-0.04111930533766395,-0.001309538703500987,-0.035830684985474495,-0.2022482302264399,-0.28288453708235106
-0.08984375,-0.2155117455680451,0.017568391805782364,-0.03382203215423871,-0.022526094980089083,-0.04585926088230057,-0.21882318731521236,-0.2886357472215473
-0.087890625,-0.2181570059687585,0.007339654051280773,-0.021647049555390062,-0.03257372873051459,-0.04477586587323861,-0.22088888011129626,-0.28818815966331796
-0.0859375,-0.21863877515943608,0.0022998155735692335,-0.006965530028441007,-0.030541691645725177,-0.03369253297219204,-0.20852675284642752,-0.27975000045687254
-0.083984375,-0.2128180753094022,0.004042249084892863,0.0074479285837431896,-0.01774904223524903,-0.016135019658861972,-0.18475096899262616,-0.2632323034040348
-0.08203125,-0.19777628762387833,0.012676786056587104,0.01896810113097218,0.0023041212811741965,0.0030925458897803756,-0.15433412699037827,-0.24020838784179552
-0.080078125,-0.17324630053044374,0.026453286776179245,0.025639393692599165,0.024499944033615703,0.01935229706039205,-0.12231758053828902,-0.21343246260269144
-0.078125,-0.1421455987603885,0.04196045461306614,0.02658287019440103,0.04320295034610813,0.02943190494369019,-0.09272426587912642,-0.18609684047094502
-0.076171875,-0.10987532324620006,0.05495216094406778,0.022207628946289783,0.05371477964193343,0.03222762856094374,-0.06785477557711712,-0.16106940699989425
-0.07421875,-0.08256753404827066,0.061593938265930334,0.014155441230722312,0.05369154247466388,0.028697340877188546,-0.04828438439296932,-0.14032544001040034
-0.072265625,-0.0649318979432966,0.059716649843566665,0.0049470633181799804,0.04403151660471105,0.021197872812294457,-0.03340540782254567,-0.12469074308519948
-0.0703125,-0.05856416863350157,0.049610765966762435,-0.002632145772474565,0.028831027852441137,0.012522956602026005,-0.022178330012306388,-0.11389163519585807
-0.068359375,-0.061425094488153496,0.03402422803196828,-0.0062859212307265315,0.014280830873227115,0.0050188435565880355,-0.013733462184847832,-0.10681628937820604
-0.06640625,-0.06873087858557685,0.017301281215831205,-0.004912011253770903,0.0067450739753122275,5.720840800563327e-05,-0.007605379434161356,-0.10186225100539592
-0.064453125,-0.0749099414314407,0.003920439696133738,0.0009483013367328265,0.010592393330288156,-0.0020521835694009504,-0.003606971166649812,-0.09727883182164851
-0.0625,-0.07582196648277757,-0.0030661904284675556,0.009083707614803175,0.02650176950938931,-0.001819223855415628,-0.0015385549593769602,-0.09147702747610503
-0.060546875,-0.070310167088172,-0.003125545298888407,0.01607692179284025,0.05086592172854067,-0.00021326313246041462,-0.0009934067435086813,-0.08331866000326288
-0.05859375,-0.06043487502682042,0.0015497974306545143,0.018183492921584915,0.07658101768553183,0.0016275283392991804,-0.0014377263916660176,-0.07237810623423417
-0.056640625,-0.05029767661360357,0.006829004080858231,0.012414138520909928,0.09505578589072604,0.002550662247922901,-0.0025490094083321095,-0.05911619933185129
-0.0546875,-0.04396725757638877,0.008168655943425423,-0.002473398942608315,0.09884590521910605,0.00147180226628285,-0.0046020092749561375,-0.04487150909663442
-0.052734375,-0.04340609188602015,0.00234073552646377,-0.025369615013339314,0.08407752634591215,-0.0024921065811980714,-0.008606341779383282,-0.031589412948302385
-0.05078125,-0.047306297949856344,-0.011259115568721771,-0.052806823443996974,0.05186763160251632,-0.009759066630593963,-0.01597690053143871,-0.021276919852922287
-0.048828125,-0.05136475752080509,-0.030210474487869454,-0.07961153247383072,0.008254184544426557,-0.019934957253033046,-0.02774873697431375,-0.015288585160230227
-0.046875,-0.04991693865948531,-0.04974827409317694,-0.10009310148932467,-0.037387976125088235,-0.03156454333219169,-0.04362512030350645,-0.013668418495798298
-0.044921875,-0.03826928803510948,-0.06430692809033409,-0.10947564902548451,-0.07498237546902135,-0.042200241368508154,-0.061311062620174654,-0.014814936585312372
-0.04296875,-0.014770642336702174,-0.06939259190894155,-0.105185372466114,-0.09662441658891371,-0.048915020650906596,-0.0765444867748465,-0.015664940159218405
-0.041015625,0.01824314885331224,-0.06312286920768044,-0.0876199353381819,-0.09879376473193402,-0.049193383659469125,-0.08399683263657604,-0.012421904893731859
-0.0390625,0.05505244947083698,-0.046881869164940464,-0.060145471917477156,-0.08321060153103649,-0.04191605406464914,-0.07885144886084737,-0.0016418741466787236
-0.037109375,0.08849707325950676,-0.024849969754261653,-0.028274705534285554,-0.056072801646619895,-0.028021509559158896,-0.05853033131079378,0.018676914671467412
-0.03515625,0.11250258532722654,-0.0025764503823302166,0.0017730613124136544,-0.025934614299271866,-0.010479361153977166,-0.023894417707809087,0.048392858198768936
-0.033203125,0.12420436204168522,0.014883747549995045,0.024726115359798167,-0.0009344465124953485,0.006539342584123817,0.020616264410991774,0.08517958938046327
-0.03125,0.12486097728831966,0.024587312769300075,0.03763746491357115,0.013704405528753034,0.019057470072308267,0.06805136222504915,0.12517534694062815
-0.029296875,0.11924190507421951,0.026485559884650345,0.040559608368437736,0.017071287999775944,0.024725230495666235,0.1109063541292914,0.16408904586998632
-0.02734375,0.11377971664820495,0.023102391704045114,0.03630659183396366,0.012414088585002153,0.02369079488117249,0.14328710287273783,0.19835684287608615
-0.025390625,0.11423859648451225,0.018257161915394633,0.02938635399549202,0.005518305854257724,0.018502514065234878,0.16250611538330634,0.2259400695740114
-0.0234375,0.12378538349280263,0.015340473921341006,0.024450790945055683,0.002212036203825911,0.013023329541065744,0.1695388873002179,0.24651341218028466
-0.021484375,0.1421370564429876,0.01581931050206212,0.024769023178267516,0.00590169652226583,0.010764477102090636,0.1682111474656718,0.2610453540170711
-0.01953125,0.16600891228665812,0.018566785610466437,0.03122981601897671,0.016046349135335133,0.01333271469774665,0.1634912144157593,0.2710219802809881
-0.017578125,0.1905777402014947,0.02029702835178406,0.04219925222519917,0.028155594243719915,0.01968393286440954,0.1596036234636058,0.27769654213025097
-0.015625,0.21131137344917456,0.016950162924458324,0.05425319290305828,0.03534945935420764,0.02655929024847335,0.15870867488196225,0.28169780431772184
-0.013671875,0.22544335779711006,0.005488929789586353,0.06349001739263531,0.030938994819890677,0.029966020373923347,0.16060489164338296,0.28312780863080766
-0.01171875,0.23258977463603472,-0.0146098397825289,0.0669288275066814,0.011085373942984866,0.02707751058267312,0.16344834647190198,0.28202541319016855
-0.009765625,0.23440273467746545,-0.04077936463497806,0.06349195625255251,-0.023459664314204397,0.01770811043488177,0.1650561670180393,0.27889297637615346
-0.0078125,0.2335614058487617,-0.0679557157759499,0.05426039952166718,-0.06719967987060207,0.004681313494095185,0.16415305751880918,0.2749666671628855
-0.005859375,0.23263331790787026,-0.0901326433572355,0.041984092256845115,-0.11140518247219547,-0.007123433890176496,0.16100399577530186,0.27205533021853745
-0.00390625,0.23329598244952396,-0.10230220811701751,0.03009174799954721,-0.14675537461130922,-0.012691610104453898,0.15719716077498225,0.2719977716832436
-0.001953125,0.23614922399531255,-0.10206701708357376,0.021584547284542118,-0.16616738493530794,-0.008976304098025984,0.15474803523354255,0.2759828000966739
0.0,0.241032805425193,-0.09034769917488909,0.018187793105556495,-0.16682296483398856,0.0037044710820231283,0.15500518219317744,0.28405218685903905
0.001953125,0.24754283565333263,-0.07096437126020759,0.01999793949136343,-0.15072759811463934,0.021580651890195854,0.1579097806564169,0.29503036124889165
0.00390625,0.2553994368616329,-0.049299899124152204,0.025660118472302963,-0.12370009140199756,0.038714448731526574,0.1619678712347015,0.306928229468094
0.005859375,0.2644615412956115,-0.030581701127078205,0.03292467968275523,-0.09326467683615614,0.04914528646699569,0.16493789418595733,0.31764575574892434
0.0078125,0.274428013061354,-0.01841694288073497,0.03933663062293253,-0.0662756103164014,0.04903194905722072,0.16489654200585738,0.325663733228894
0.009765625,0.28447749542166856,-0.014055613272969633,0.04284131642953036,-0.047118812686872395,0.03795141361973697,0.16118217886916164,0.3304339089927454
0.01171875,0.2931753411623407,-0.016519139000420492,0.042203623547847485,-0.03702043332547638,0.018893693053214054,0.15479412874709517,0.3323340925311085
0.013671875,0.2988620700461832,-0.02337447090150756,0.03725032073538117,-0.03449809482903832,-0.002948208303938455,0.14809835532728272,0.33227578584534334
0.015625,0.30047020413912623,-0.03171691541033681,0.02898707527223727,-0.036543912194068745,-0.022005533092063257,0.14401471710198385,0.3312189148105053
0.017578125,0.2984320607948638,-0.038934824016377656,0.019601454965083826,-0.03992360703723058,-0.033993541876212875,0.145077217884281,0.3298678104065419
0.01953125,0.2951987809843375,-0.04303436060362648,0.012284905934156097,-0.04207338933937641,-0.036791013697612375,0.1527707774259799,0.32869191993804275
0.021484375,0.2949780797191759,-0.04258195199331078,0.010764265142511975,-0.04138948251815828,-0.030355444070451158,0.1673679051242442,0.3282101972821362
0.0234375,0.30259173280247165,-0.03653237372813771,0.018482957667753114,-0.03706247307795362,-0.015952931874110354,0.1882179605914491,0.3293043882127643
0.025390625,0.32174204182014615,-0.024244476520155347,0.037520285004311635,-0.028823241240487327,0.0047377221898110234,0.21422195776822817,0.3332802267132479
0.02734375,0.3532971060675613,-0.005825628685825683,0.0675320402469619,-0.016932169068902936,0.030115696233636097,0.24416882534675483,0.3415168300952183
0.029296875,0.3942999124436131,0.01732168253210686,0.10513152799849841,-0.0024931995957481867,0.058525441200507795,0.27673603786283923,0.3547781145007892
0.03125,0.4382090224861553,0.04209833823004615,0.1441030382732061,0.012134013515318183,0.08770175353040614,0.31019262128362146,0.37248327294356665
0.033203125,0.47645501612466046,0.06384364281613603,0.1766187764266937,0.023235313134440376,0.11429345604530446,0.3420584884697923,0.392332762681318
0.03515625,0.5008998217009824,0.07722004237963666,0.19527039283206946,0.02630964261206873,0.1339864231782656,0.36905053441489233,0.4105953272996653
0.037109375,0.5064063391423322,0.07771993855222115,0.19535642490910987,0.017353620421655298,0.14245788660833714,0.3875327849671449,0.42309352599964717
0.0390625,0.49262680656952823,0.06331529347508141,0.1766511178413078,-0.005502192018416451,0.13692251625318508,0.394430474666253,0.4265926172959769
0.041015625,0.4643511094052787,0.035585612825027105,0.1439419848475981,-0.04068603770964296,0.11761695944703658,0.3882895340944373,0.4200596212964219
0.04296875,0.43023575269009634,-0.00024005684444807464,0.10597986382488489,-0.08290379076039626,0.08844791582660257,0.3700151257628001,0.4052402393374788
0.044921875,0.4002875682294495,-0.036516206000699165,0.07302520683553705,-0.12423657084457923,0.056291192043850365,0.3428976173748088,0.38623254544081786
0.046875,0.3829126078658663,-0.06536821850989087,0.05370837780008935,-0.15639266311139066,0.028982396986856843,0.31181018130057037,0.36813909055933636
0.048828125,0.3825027863165358,-0.08108614783890283,0.052245034866896606,-0.17334133473547583,0.01265052215533793,0.2818202188973031,0.35528448350617897
0.05078125,0.3983465722242246,-0.08183695921372992,0.06700302245249737,-0.17330795532612625,0.009428792458463692,0.2567333502633716,0.3497026964834235
0.052734375,0.4251786757243365,-0.07003603339774825,0.09098700496791345,-0.15930112266563146,0.016533861108451463,0.23814989193082567,0.3505206904738079
0.0546875,0.45511587898665595,-0.05122883516481216,0.11414558540600073,-0.13790978918700764,0.027221266120961034,0.22541962846934024,0.35451820063149597
0.056640625,0.48027879843860294,-0.031915216664218427,0.12676157234143787,-0.11681573830093893,0.03338358547448898,0.21650750106249808,0.35766341528363643
0.05859375,0.49521281215049484,-0.017166852892090398,0.12278797825442986,-0.10201216028568938,0.02885986580253476,0.20939028871974433,0.35700806477992286
0.060546875,0.49834156525635037,-0.008964842693591081,0.10199162562402235,-0.09585467824354565,0.012173345468936194,0.20337001589807224,0.35215971003932056
0.0625,0.49205692252774813,-0.005877162448664546,0.07017535026304557,-0.09671649782788842,-0.012420463013305278,0.199724705032233,0.3457111506865797
0.064453125,0.4815264015137781,-0.004132927698141279,0.03741597573943796,-0.10031835563989189,-0.036061709531561584,0.20140400188841354,0.3424269141854647
0.06640625,0.4727178312108166,0.0004261330534898847,0.014929662749953377,-0.10206955777227858,-0.04823505820295686,0.21188442130897753,0.34749009759600674
0.068359375,0.4703626855828608,0.01038112055210662,0.011618839840508382,-0.09932460407175654,-0.040476958350017044,0.23365176350394945,0.3644924485811929
0.0703125,0.4765327445576166,0.025588132170343537,0.03141516182092928,-0.09252994095813653,-0.00948822783471134,0.2669286392003838,0.39394687099284437
0.072265625,0.490236028677783,0.04329381735946686,0.07221342507793059,-0.08476917055214947,0.04147286993138666,0.3091578927302517,0.43288228138571017
0.07421875,0.508066377803813,0.0594079922312666,0.1266337749877749,-0.07996561850495282,0.10340151354810778,0.3554481288382148,0.4756520268467306
0.076171875,0.5255852820064219,0.07033150440061689,0.1842526421837493,-0.08063920515899285,0.164240565529927,0.3998123593400217,0.5156225472866203
0.078125,0.5388917838201244,0.07450604098468244,0.23450750425135822,-0.08635122247893623,0.21247042489811435,0.4367311720959162,0.5470876584710773
0.080078125,0.5458246345303066,0.07299489419832443,0.2693504119220179,-0.0936707644049776,0.24033567808423859,0.46247315024173674,0.566707064195846
0.08203125,0.5464198406791627,0.06885509981853168,0.2849119974577874,-0.09777505336997507,0.24566553336088798,0.4757436567848823,0.574007358265912
0.083984375,0.542535888558113,0.0656097844447493,0.28183469790439175,-0.09499094015057287,0.2318265899936006,0.4775308401937381,0.5708905669020266
0.0859375,0.5368651598414733,0.06553015167736208,0.26438631459301076,-0.08508299670124232,0.20603747794191227,0.4703358899819416,0.5604898778491356
0.087890625,0.5317618881474457,0.06851681011599771,0.23881394721831276,-0.07213618787696152,0.17680755421277836,0.4571809211860071,0.5459328841552831
0.08984375,0.5283498270033835,0.0720949094083721,0.21153560121388754,-0.06346614020628592,0.15145522673778558,0.4408048365957377,0.5295322586873957
0.091796875,0.5262293578896514,0.07253051219496624,0.18768597577354412,-0.06687096731660415,0.13447924907325712,0.42329451017358377,0.5126554399591435
0.09375,0.5238484629312073,0.06656666942977141,0.1703073643576787,-0.08731980334514618,0.1271176352709575,0.4061496691572742,0.4961723142735552
0.095703125,0.5193285413884189,0.052993787578911905,0.16021110799993543,-0.12449430377849659,0.12794566604519386,0.3905722540672227,0.4811111924882281
0.09765625,0.5113589199506736,0.033336464866699625,0.1563354451281206,-0.1723028382862432,0.13403393218102624,0.37769910113241717,0.4690792210832756
0.099609375,0.49977161721252006,0.01133036999665754,0.15635278056717847,-0.22068521346749193,0.14211110131279003,0.3685777706773161,0.4621473941697595
0.1015625,0.4855685855796095,-0.008596330261977782,0.15732147830331097,-0.25905843686136154,0.1493410314079533,0.3638639791358235,0.4621928955505642
0.103515625,0.47041741772272117,-0.023176792656168017,0.15627509782457083,-0.2800456667898513,0.15361783541964572,0.36340465807286954,0.46999047613664097
0.10546875,0.45586142645867267,-0.03168465138407442,0.15072894203118503,-0.2819981440606582,0.15354046953975822,0.3659690732243223,0.4845027643802174
0.107421875,0.44260926090385255,-0.03623020642122352,0.13911444464949896,-0.2693113995925529,0.14833592837757958,0.36935338488638586,0.5027745748050372
0.109375,0.4302378380102612,-0.04082459852115893,0.12112994437895347,-0.25044059516135075,0.13793778544372404,0.37092964231361003,0.5205994411400128
0.111328125,0.41746996941725867,-0.04958285901253157,0.09794327067019286,-0.234447511638085,0.12324317368527732,0.36850340571053913,0.533802403089572
0.11328125,0.40294202415315084,-0.06480718180971105,0.0721421750785521,-0.22749131557555116,0.10636416556550753,0.3611713123130414,0.5396951276320673
0.115234375,0.3861429632565593,-0.08574925592255549,0.04734456380774844,-0.23065274816786815,0.09059415363911864,0.3498235081411188,0.5381443834325481
0.1171875,0.36809263203521864,-0.10857091156551318,0.02746688917981073,-0.23987753044326424,0.07989203792671905,0.3370486556515995,0.5318086465618205
0.119140625,0.3514016190424063,-0.1275361940295525,0.0157766053304592,-0.24792895731858927,0.07789980962913179,0.3264199541188477,0.5253943653825401
0.12109375,0.33959386303197736,-0.13697881488696995,0.013971615699649883,-0.2474418845053035,0.0867545520753155,0.32137988379387633,0.5241510986516378
0.123046875,0.3358791071439125,-0.133291493190056,0.021581390963540063,-0.23378874152551488,0.1061269598861794,0.3241088683129247,0.5321191136205093
0.125,0.34180832530834315,-0.11619485237172889,0.03592535042177348,-0.20664267702180825,0.1329165226254325,0.33478604258363487,0.5507483509465703
0.126953125,0.3563386871778856,-0.08884958555515397,0.05270795046413904,-0.16975114784890358,0.16183347107098317,0.3515083556914468,0.5783785289317913
0.12890625,0.37572973799713655,-0.05682824130320685,0.06713084192309883,-0.12921262289649493,0.18677745302537516,0.37089049278311154,0.6107613058172221
0.130859375,0.3944128235464464,-0.02637452241588935,0.07522705027301703,-0.09113128344393076,0.20261105361229054,0.38912408690992184,0.6424292726872246
0.1328125,0.40661727808724507,-0.0025960165594222746,0.07502722821345696,-0.05967753866722301,0.20674327851664262,0.4031204930109919,0.6684171941498872
0.134765625,0.40823755896329683,0.011809637052473235,0.06719457559786825,-0.03627348109878764,0.19996721720049493,0.41134993982566104,0.6857347344943999
0.13671875,0.3983002874280509,0.016958459800047017,0.05491049434800773,-0.02003302228863589,0.18623469770487797,0.4141143045380113,0.6941031108635343
0.138671875,0.379495476586017,0.015326983133655396,0.04301716528535053,-0.00901047536002174,0.17141415552249628,0.4132004523715036,0.6957482237537974
0.140625,0.35754310461457867,0.01074556553451687,0.03666084299760438,-0.0015067224655977368,0.16144060834271765,0.4110867561897904,0.6943898891925757
0.142578125,0.3395593516809786,0.0072650641786926205,0.03984552630246619,0.003235327900061467,0.16049474684789497,0.4100317007678102,0.6938510770313313
0.14453125,0.33192460722285816,0.008256021333052076,0.05433378951450014,0.0052112936897289,0.16984226354499118,0.4113903545923712,0.6968189183223219
0.146484375,0.3383280752803955,0.015908383922578557,0.07921466587200521,0.004472967910585944,0.18771658494045235,0.4153799179692488,0.7041854003107602
0.1484375,0.35861269883475133,0.031099236800832517,0.11124339634164937,0.002003628560360188,0.2102398630918671,0.4213160306812493,0.7151384820386526
0.150390625,0.38878704568649036,0.05348026945168942,0.14581654114385761,6.113902150781537e-05,0.23300199056639467,0.42815405902967935,0.7278749453724634
0.15234375,0.42220541432149905,0.08164581180307784,0.17826307504218356,0.0017084159202858213,0.25269317735857744,0.43507043907614384,0.7405839534367401
0.154296875,0.45156038990870195,0.11334224103343149,0.20506405399728758,0.009713766615487255,0.26819187489434204,0.44184417581765556,0.7522850997404277
0.15625,0.4710853103626527,0.1457810847524524,0.224667359993723,0.025379756822743457,0.2807403347711333,0.44892000346043953,0.7632066470340008
0.158203125,0.4783035070053925,0.176138303098917,0.2377103935888138,0.0479455313814685,0.2932006638991184,0.45718603405754565,0.7746050658036743
0.16015625,0.474799465278612,0.20223352562757677,0.2466464311540387,0.07494414788386512,0.30872997017172393,0.4676142392191379,0.7881632060425339
0.162109375,0.46577555034002854,0.2232319916988285,0.2549347940706498,0.10341226154192214,0.3294176460993205,0.48095029449056237,0.8052649240149167
0.1640625,0.45851519216909103,0.2400933203895781,0.2660578904811679,0.1313922032806263,0.3554210210931007,0.4975875134666822,0.8264631236844868
0.166015625,0.4601921390663829,0.25548558948881384,0.2826354888248148,0.15896406919843356,0.3849118617412132,0.5176373698820872,0.8513314324393986
0.16796875,0.4756472450657142,0.27302464450682146,0.3058260913988648,0.1882099858845948,0.41479797971946775,0.5410791129956589,0.8786888519176465
0.169921875,0.5057626685764621,0.2959595270471672,0.33509469893238564,0.221989031555306,0.4418714597152559,0.5678131283114142,0.9070148467819995
0.171875,0.5469143838338949,0.3257089940629063,0.36833899284419824,0.2619846230251434,0.4638891045718133,0.5974963323284652,0.9348079367028352
0.173828125,0.5917019319022476,0.36082005468672074,0.4023105380901397,0.3069076366290557,0.4801595048701818,0.62918014182968,0.9607108124029465
0.17578125,0.630790333276438,0.39685310228345533,0.4332317030762637,0.35177670949892104,0.491450843384934,0.6609301534660877,0.9833875194288675
0.177734375,0.6553593550788654,0.42739152221124005,0.457489612231492,0.3887985031426451,0.49932980793149095,0.6896923883680792,1.0013014349967195
0.1796875,0.659456553080139,0.4459385046093521,0.47228458376905386,0.4096945715641289,0.5052652673059734,0.711624976416616,1.0126200437529105
0.181640625,0.641564936241814,0.4480820316017975,0.476121402952873,0.4086649289053004,0.5098982950421025,0.7229423147730061,1.0154256339212635
0.18359375,0.6049291034537461,0.4331494579166669,0.4690600393996871,0.38483755590606983,0.5127796910699451,0.721086735735166,1.0082560484324197
0.185546875,0.5565647029208624,0.40471330500980296,0.4526837034080529,0.3431857762847238,0.5126529604952282,0.7058439528145517,0.9908022718491007
0.1875,0.505285960737881,0.3697133540686754,0.42979639000743325,0.29345921725482654,0.508117747218818,0.6799510269100846,0.9644532810870287
0.189453125,0.4593940318667256,0.3364799860067446,0.4039274589884342,0.2474459421487268,0.49836212990467166,0.6488664996736971,0.9323845801836224
0.19140625,0.42476075844911165,0.31236114469389636,0.37876891976933597,0.21553780604767575,0.4836511310107839,0.6196447717401156,0.899039021444466
0.193359375,0.40387310909619406,0.30179192033847524,0.35767180513641417,0.2038311761864006,0.465383916233007,0.5991769107086792,0.8690881274519395
0.1953125,0.396031015715098,0.30544863519120513,0.3432813639712572,0.21276043938093814,0.44572599581889527,0.5923125348227954,0.8461928801025446
0.197265625,0.39845689401712947,0.32067922959869904,0.33731937215327235,0.23763480161032555,0.4269951191738634,0.6004576499609495,0.8319965220764965
0.19921875,0.4077495308607953,0.3428897389734631,0.34046143125151807,0.2706980311182602,0.4110531979817418,0.6211070206460252,0.8257195501114334
0.201171875,0.4210393487865704,0.3672167304672917,0.3522364097439353,0.3037743761819706,0.39890382620129233,0.648458751722234,0.8245073955915122
0.203125,0.4363838486194836,0.3897743399435696,0.3709164714220356,0.33044198843259925,0.3905747160896931,0.6749111679177867,0.8243979102268773
0.205078125,0.452334308913789,0.40804352917489045,0.39344966702474854,0.34700577359386536,0.38523729429820014,0.6929745146562785,0.82154261539198
0.20703125,0.4670220822188239,0.4204332567851199,0.4155683209627361,0.35216047161993075,0.3814529666401257,0.6970374656481038,0.8132422633918582
0.208984375,0.4773719495906957,0.4254708311162837,0.4322277733796129,0.3458512462130039,0.3774534977180741,0.6845261612442768,0.7984715643334058
0.2109375,0.4790309325796598,0.4212646065841026,0.4384584560233752,0.3281676184022555,0.3714295544073047,0.6562280380140109,0.7778038331646507
0.212890625,0.4672959511978681,0.4057302503823063,0.4305571515357255,0.2990021121894039,0.3618592623236044,0.6158275213818271,0.7528923951068881
0.21484375,0.43883827254626673,0.37764582108435035,0.40734791109298035,0.25873049926878977,0.34791340579472146,0.5689143072337924,0.7258203284342681
0.216796875,0.3935664383704512,0.3380974934880328,0.371091192956435,0.20955279921563294,0.3299047337199787,0.5217995097044805,0.6986250862620733
0.21875,0.3357711412781828,0.2915469675083583,0.3276077602692319,0.15667030833299816,0.30963424765260955,0.4804099612220854,0.6731457629901774
0.220703125,0.2738724883605446,0.24578007558893633,0.2853634740419952,0.1084075778407128,0.29040997613290614,0.449405461425027,0.651122005405906
0.22265625,0.21858903800686716,0.2104034809808111,0.25359009731674165,0.07478456353414611,0.2765499698462832,0.4315594159818329,0.6343147705486433
0.224609375,0.17998008328726706,0.19417959193758066,0.23987843110960683,0.06474086909367043,0.272343378598992,0.42739826254991825,0.6243987278174854
0.2265625,0.16432676895946985,0.2020631652987572,0.24793986092620857,0.08289900375018508,0.2806789603315408,0.4351118030157638,0.6225081128854296
0.228515625,0.17198378712843856,0.23306673502579225,0.27627747342800035,0.1271156230713955,0.30176450147994704,0.45079163139155687,0.6285435104772397
0.23046875,0.19704892584856643,0.2798883066010885,0.31828280923400704,0.18792911171208693,0.3324421635819384,0.46906330876141505,0.6405475983608132
0.232421875,0.2290620049763966,0.3306335505846908,0.36383730952148985,0.2503942388348082,0.3664837593936817,0.4841038757637097,0.6545228568514007
0.234375,0.2562019302214823,0.37218438702255047,0.4020005306799279,0.2979244152631807,0.3959425931001239,0.4908954306590336,0.6649472779156833
0.236328125,0.26888491518868307,0.3941136177622267,0.42398385417382595,0.31697807985128895,0.4132467342791229,0.48642169747702846,0.6659761299886918
0.23828125,0.26251679573980585,0.39179755241785386,0.4254905792724973,0.3010484805901063,0.4134025125701522,0.47044752660592,0.6530109629875367
0.240234375,0.2384851468561778,0.3676504878927036,0.40770701480190946,0.25260654542535566,0.39557557074990235,0.4455856841570693,0.6241150582981977
0.2421875,0.20314118120481123,0.3300850315853036,0.3766706048887541,0.18233646559388858,0.3634809007836607,0.41654890089890645,0.5807525433115872
0.244140625,0.16525691117536573,0.29062275892056405,0.34126685515245325,0.10593352767107053,0.32440156700880246,0.38875680226406034,0.5275383785787682
0.24609375,0.13298369256367504,0.26022858733721316,0.3105495432870613,0.03955440469880286,0.28713366729171974,0.36672036655536455,0.47103596678683063
0.248046875,0.11146617348118136,0.24616837813447853,0.29127594865215006,-0.00458220744071736,0.25953384580557065,0.35274131147417104,0.41798926990420454
0.25,0.10192116970598064,0.25041196687530604,0.2864201764068151,-0.021082102045456932,0.24647815021090955,0.3463728852125985,0.3735823922690314
0.251953125,0.10234223984951653,0.26995963862376693,0.2950400001569088,-0.011981316062820187,0.24887797375563406,0.3448245387493493,0.34030210440150205
0.25390625,0.109323943672109,0.29873415773475587,0.3133863526043358,0.014882503960608078,0.2640015722266858,0.3441583267656662,0.3177465733909167
0.255859375,0.12007850273206294,0.3301419041569292,0.3367303430896722,0.04895689832967148,0.28687887883878194,0.3408427264593158,0.30336512414781525
0.2578125,0.13371056482828597,0.3592659671487048,0.3611838513080038,0.08035696495847688,0.312208829772818,0.3331084122357913,0.29377714353661766
0.259765625,0.15122017923297046,0.38393956254225203,0.384872117487906,0.10244291202629782,0.336065503448411,0.32163940364911114,0.28614262997288276
0.26171875,0.17432241071340365,0.4045016198128568,0.40812482194245664,0.11292405173430703,0.3568423310972646,0.3093891808628826,0.2790956489945906
0.263671875,0.20372122469013107,0.42260081683713996,0.43274688649509485,0.1134173820682022,0.37521297185123015,0.30062770316497334,0.27296295196521503
0.265625,0.23772704783255183,0.43975578773622653,0.46076147337655887,0.10791418511808544,0.3932709993264288,0.2995788849081768,0.2692782971074615
0.267578125,0.27196267437098676,0.45637852308527793,0.49317552275516463,0.10088608685919084,0.4132816939052625,0.30910563706740535,0.2698578253180924
0.26953125,0.3004212014801484,0.471657898310608,0.5292599136139031,0.095733072986953,0.436552387648923,0.32982086848434994,0.27582732689515727
0.271484375,0.3175286091395711,0.48424498173521674,0.566596628561497,0.09400247531942389,0.4628064041607531,0.3598098501556218,0.28695426091040666
0.2734375,0.3203870690794697,0.493301574368898,0.6018302872933283,0.09544228094840507,0.4902094513585654,0.3949464258570937,0.3014839728304895
0.275390625,0.3102434261856211,0.4993373936545296,0.6318038274733333,0.09865527077360065,0.5159576995208137,0.42965521143990837,0.31649144350754943
0.27734375,0.2925072994488374,0.5044090706214216,0.6546459328063373,0.10198273109453888,0.5371756618036964,0.45793271366392485,0.3286030998569281
0.279296875,0.2752191762055551,0.5115921624411155,0.6704295120978538,0.10427471394041263,0.5518243754684652,0.4744606207535303,0.33486119739256875
0.28125,0.2664952863882478,0.5239939535371246,0.6812020196316334,0.10534422922050907,0.5593780201670538,0.4756763369354189,0.3335042985622918
0.283203125,0.2718929791185503,0.5437781574678763,0.6904185120298926,0.10606487149894625,0.5611338966307465,0.46066329081676294,0.32448832620497714
0.28515625,0.29267747163730634,0.5716308287616894,0.7019912825476391,0.1081754112181762,0.5601101974994895,0.43167574484505006,0.3096325996332658
0.287109375,0.32561317413170493,0.6068475633588396,0.7192552720185471,0.11388293397906239,0.5605435829272241,0.39407653816531396,0.29233481954975343
0.2890625,0.36429966704328276,0.6479027608698855,0.7441328623943948,0.12534247322140032,0.5670478377091546,0.3555204616342739,0.27686803897786266
0.291015625,0.40147496863474463,0.6931279747835521,0.7766823411360595,0.14407350274147665,0.5835470595273966,0.32438583705295393,0.26735408894180385
0.29296875,0.4313658103011653,0.7410972198588417,0.8150824301060837,0.1703882485851778,0.6121658906033908,0.30771374015917746,0.26660906686879715
0.294921875,0.45120738896430274,0.7905147402080283,0.8559995441983689,0.20296578537563503,0.652346161303431,0.3091788358777432,0.2751594268078535
0.296875,0.4614410089655522,0.8397121282960358,0.8952237472837528,0.23875558095711674,0.7005028883641072,0.3277575243186391,0.290765037446226
0.298828125,0.4646601986840935,0.8861162146841441,0.9284403655020741,0.27336372098766853,0.7504615616928036,0.3576634743209302,0.3087048946932968
0.30078125,0.46388954367530877,0.9261222048585205,0.9520186036851644,0.3019499326969004,0.794724939067479,0.3897702137647593,0.32288495957217106
0.302734375,0.4610234227025289,0.955649592976385,0.9637168561184558,0.3204752341387596,0.8263444875052548,0.4142359639075992,0.3275555806090168
0.3046875,0.45611569473565344,0.9713199347430429,0.9631986168910346,0.32694842454816836,0.8408978833602966,0.42356586108180405,0.3191578291132588
0.306640625,0.44777389853672395,0.9718350474111402,0.9522387827298259,0.32222033972639597,0.8379247850217488,0.4150913726760491,0.29767754504369265
0.30859375,0.434378601660456,0.9589400443837944,0.9345136752485166,0.3099514302424011,0.8212588248475945,0.3919558760564955,0.2669693795745923
0.310546875,0.4154602002651546,0.9374379758015701,0.9149326817937476,0.2956345917264974,0.7980223390032349,0.36217101180840483,0.2338210856562353
0.3125,0.39250093417563714,0.9140698683828843,0.8985911541387466,0.28490887931182235,0.7765187355755735,0.3359957897382466,0.2059694327590646
0.314453125,0.3687155162751532,0.8955506712696718,0.8895719812579108,0.281712449210265,0.7636928327835021,0.32252871834517016,0.18969527245314957
0.31640625,0.34786058437524137,0.8864481530351891,0.8899276416462105,0.2869494654798181,0.7630447581315759,0.32672912758524,0.1878342207158517
0.318359375,0.33260503998955254,0.887722838481713,0.8991773396516166,0.29820418273065086,0.7737624174082962,0.3479491315921426,0.19893078954056964
0.3203125,0.32324552275923946,0.8965381518264937,0.9145366658068301,0.31066046541163034,0.7913994262581112,0.38049433942684024,0.217862881466496
0.322265625,0.3174465952786448,0.9074759957403334,0.9318792507110834,0.31892809960973484,0.8098364780793222,0.41595498888413024,0.2377197996392127
0.32421875,0.3112455622493541,0.9147363084764286,0.9471684175076751,0.31911576844756057,0.8237629763959405,0.44637035249585555,0.25223905272092007
0.326171875,0.3009646249057712,0.9144824301155584,0.9578833405944424,0.3103660313149818,0.8307092265099968,0.4669832892315269,0.2578890280787356
0.328125,0.2852122627104196,0.9064003662704039,0.9639184010815882,0.29523567649459914,0.8318300639138878,0.477541387564991,0.2548244658670076
0.330078125,0.26602996507233695,0.8938347327817436,0.9675844303141399,0.2787462214573961,0.8311527100810366,0.4817235956237507,0.24639811474847803
0.33203125,0.24853735655850756,0.8824249587356985,0.9726480503031695,0.2664577394931522,0.8336318641833086,0.48504161967966414,0.2374901440137467
0.333984375,0.2390412878890482,0.8777651803861383,0.9827042996328409,0.2623147545789243,0.8428409865807596,0.4921641487733929,0.23237844851718592
0.3359375,0.24224976738585924,0.8830064506397252,0.9994541664982827,0.2671108368587555,0.8592676430391589,0.5048035034249528,0.23302730707188618
0.337890625,0.25868489530529304,0.897351240293787,1.021538316547369,0.27817743530562705,0.8799154964436087,0.5210178824545386,0.23845937611476545
0.33984375,0.2834243651583191,0.9160499532420908,1.0444228010962808,0.29041934793664576,0.8993628278215481,0.5361478561160072,0.2453987343102149
0.341796875,0.3068674052084983,0.9319313239197613,1.0614836526409506,0.2982879783628119,0.9118267690223704,0.5449061795787062,0.2498396621383584
0.34375,0.3174574898931672,0.9379067237094862,1.0660065580779856,0.2979171366257083,0.9133864825350818,0.5436784143218355,0.2488290956211968
0.345703125,0.30550672699078335,0.929518561163194,1.0534645467952704,0.2885949360219575,0.9034818043363506,0.5320506347358671,0.24169920570216705
0.34765625,0.2667818653942876,0.9066018936215932,1.0233028584266197,0.27303054259038795,0.8851269831272053,0.5129572214437627,0.23026533503629193
0.349609375,0.20452471387610588,0.873480380235951,0.9795983692294826,0.25636356715785236,0.8638161099619087,0.49145910470549287,0.21797733898532548
0.3515625,0.12909355110647927,0.8376650825773095,0.9303218326105104,0.2443423761140951,0.8456156171265439,0.4727468382765052,0.20846092629728985
0.353515625,0.05524315873279649,0.8075548661599257,0.8853912668693668,0.24138643892430592,0.8352256694329193,0.46026463926527406,0.20412009767688863
0.35546875,-0.00209674429143221,0.7899612340015404,0.854102979138904,0.24925339674079688,0.8347396116300465,0.45474834518309565,0.20539961318423908
0.357421875,-0.03214687755692597,0.7882880345117685,0.842723225403809,0.26675632094156343,0.8434801091943749,0.45451887447226635,0.21096800032406388
0.359375,-0.031281925317803994,0.8018999968444338,0.8529551621969944,0.2905356792329916,0.8588157945971717,0.4567902091309813,0.21864622851215484
0.361328125,-0.003773327607021696,0.8267523389560555,0.8816956102420014,0.3164804228967846,0.8774822984533248,0.45930925607068673,0.22658529338876113
0.36328125,0.03986834696040175,0.8569226730162255,0.9220820351229287,0.3411887930381934,0.896803496518772,0.4615415688912703,0.23412567192795267
0.365234375,0.08628844521690877,0.8864422466580615,0.9654515086184153,0.36292638683381234,0.9153589377854954,0.4648805900551775,0.24196680428760775
0.3671875,0.12323688166011752,0.9108297066237901,1.0036085534914374,0.38181924287097796,0.9329713789116072,0.47184617114764604,0.2516357185006002
0.369140625,0.1428052094738758,0.9279411313713977,1.030777082268968,0.39936606698039306,0.9502219653119786,0.484717015081617,0.26458941540034037
0.37109375,0.1430383401601441,0.9380409265499624,1.044769190964957,0.41759574332425925,0.967870544160244,0.5042894881056954,0.2814339143464389
0.373046875,0.1276213158748862,0.9432501757217365,1.0471597189473754,0.4382544732501618,0.9865012092476142,0.5293665317409297,0.301645142961445
0.375,0.10398670612064004,0.9466657514317838,1.0425283171843207,0.4622939059826799,1.006499336163232,0.5572108016385283,0.3238954205188868
0.376953125,0.08063599576193729,0.9514499044091022,1.0370411720438604,0.4897388704259502,1.0282327506081332,0.5847284634711148,0.346778557924705
0.37890625,0.06459407109358602,0.9600926806815573,1.0367530489927774,0.5198244394312632,1.0521739730529287,0.6098002760420045,0.3695258844266926
0.380859375,0.05971951004814295,0.9739262218966609,1.0460236081040695,0.5512061229945819,1.07874158493118,0.632110943511649,0.39231732974950817
0.3828125,0.06620009650060717,0.9928939487510557,1.0663950108366897,0.5821073419931512,1.1078460178677005,0.6530796685985792,0.4160124210879139
0.384765625,0.08114963141429708,1.0155647678161845,1.0961888116573897,0.6104172725390651,1.138377787018362,0.6749399664926199,0.44144311730278374
0.38671875,0.09992946048957611,1.0394031553931136,1.1309461350240366,0.6338787379639029,1.1680124445946467,0.6994397779983055,0.4686610789928406
0.388671875,0.11770631892339259,1.0613101920718315,1.1646588564787628,0.6505205503714316,1.193628101522275,0.7268310202937079,0.49657849720818353
0.390625,0.13080591091667806,1.0783994081894077,1.191532172582287,0.6593611166000366,1.212352359700029,0.7556888223468803,0.52325460049809
0.392578125,0.13757155667201723,1.088864280498707,1.207830029200468,0.6611952216823035,1.222901673475033,0.7836959982029957,0.5467478693467454
0.39453125,0.13860941496217682,1.0926870777133075,1.213253396677736,0.6590960057412597,1.2266295595540972,0.8090430058665617,0.5661461648650586
0.396484375,0.13644031315145058,1.0919028223584921,1.2113527501481243,0.6582420799161185,1.2277051933435177,0.8317573471592656,0.5822514778113853
0.3984375,0.1346779854130783,1.0902183813422923,1.2087081435267102,0.6648693734237568,1.2321326028139514,0.8542471698919538,0.5975103140585433
0.400390625,0.1369342726053282,1.0919953826619424,1.2129887629734097,0.6845033272943227,1.2457980902988248,0.8806542257523032,0.6151149658186466
0.40234375,0.14571177521936146,1.10086719577091,1.2304163701015305,0.7200042805651001,1.2722028846903777,0.9151448703099907,0.6376036245831886
0.404296875,0.16156870256083392,1.1184585524227142,1.2634450250693343,0.7701690817677506,1.3107781673274708,0.959789492016214,0.6655614536430045
0.40625,0.18281534172406372,1.14371037455541,1.3095001054633792,0.8295461665122938,1.3565550980779286,1.0129493295426673,0.6970375928162156
0.408203125,0.20589957135049475,1.1731419273951387,1.3613419943082354,0.8897366160289709,1.4014949592987063,1.0689746035312588,0.7280284571961337
0.41015625,0.22644596226240588,1.202044028813498,1.409088097965346,0.9418905845105068,1.4371377580682252,1.1195378823245974,0.753929165551898
0.412109375,0.2406768996190653,1.226215423834474,1.443314430481096,0.9795866241810454,1.457656109026159,1.1562586121519347,0.7714090510861239
0.4140625,0.24676002085414034,1.2436006188597397,1.4582089257525928,1.0010447602885368,1.4621648779147518,1.1737064991852442,0.7799391524844201
0.416015625,0.24558388503132383,1.2551802041791813,1.4536553615727468,1.0098034939343599,1.4553589919825527,1.171647433851458,0.7823028457936868
0.41796875,0.24061398580036855,1.2647206926117516,1.4354509641407633,1.0135319987071816,1.4461503589303548,1.1556106535657344,0.7838117362830108
0.419921875,0.23680132813413754,1.277425642736718,1.413510577680903,1.021350277691282,1.4447198805830557,1.135444484212763,0.7904696876938583
0.421875,0.23889027490688095,1.2979752349491547,1.398651200450043,1.040621220433772,1.4590103020221252,1.1222770027476388,0.8067683413497229
0.423828125,0.24974211956965658,1.3287088626547516,1.3990898770435465,1.0744131187335693,1.4919221515145253,1.1249144427523563,0.8339706123078415
0.42578125,0.2693300760723312,1.3686732614760129,1.417904656730603,1.1205937817161653,1.5402349850377857,1.146951711279735,0.8695645149955723
0.427734375,0.29482972667891244,1.41392936676539,1.4523490890870838,1.1728892418387373,1.5956484499723054,1.1856399811918796,0.908119038544625
0.4296875,0.32180374765236414,1.4590125447793676,1.4952108847046623,1.2234692656277637,1.6475680551716727,1.232931944279583,0.9432298036385465
0.431640625,0.3460323748812529,1.4989754110054592,1.537638007559632,1.2660202970464358,1.6866396255354943,1.2783353279450513,0.9698211222755502
0.43359375,0.36525078572729625,1.5312007956201286,1.5723186983535402,1.2980829768196804,1.7077921508887504,1.3125507223643331,0.9859414420277475
0.435546875,0.380052349244182,1.5562590520069008,1.5958072308157258,1.3217443127502704,1.711763745864796,1.3305978208735878,0.9933954139210652
0.4375,0.3935407747080674,1.5774727964805644,1.6091763547758873,1.3424548321057268,1.7046619293156522,1.333339487632318,0.9970078774132587
0.439453125,0.4098499076511245,1.5993853099617648,1.6168850846695249,1.3665077394032579,1.6958149069863917,1.3269084434173362,1.002835835516434
0.44140625,0.4321580117116363,1.6257814380006286,1.624472790586545,1.398255012064891,1.6947391206656366,1.3203030561134637,1.0160280702423339
0.443359375,0.4610683719592788,1.6580906939122808,1.6361258528794487,1.4382252548128507,1.7082845947636034,1.322069783057866,1.0391283026936495
0.4453125,0.49409451954761374,1.6948324228689695,1.6531376834331852,1.4829134924565808,1.7388613811743268,1.33729046703408,1.0714035173013743
0.447265625,0.526531624385085,1.7323177665220733,1.6738313036685657,1.5263013528198406,1.7841928643941405,1.365941429412171,1.1093644267144904
0.44921875,0.5534012345178287,1.766292589106671,1.694846686121723,1.5624389435889325,1.838483339801834,1.40315903361413,1.148200534947544
0.451171875,0.5716630064978436,1.7938049422332782,1.713094796835095,1.5879800175798182,1.8944317082700806,1.441233509182531,1.1835370176848161
0.453125,0.581718017244877,1.8144834619284946,1.7274087433113468,1.6035943911568586,1.9453247159845122,1.472528403181215,1.2128505310116473
0.455078125,0.5874859631795745,1.8306703082577906,1.7391040495065468,1.6136699354447028,1.9865503245068654,1.4922222498490045,1.2360691917947397
0.45703125,0.5949251242392773,1.8463463849418633,1.7511996190157648,1.6244427121559397,2.016191911538509,1.4998868992830483,1.255222617666579
0.458984375,0.6095332922434775,1.8653023072925998,1.7666920200001222,1.641346987769412,2.034738334500521,1.4993899602182652,1.273359194182152
0.4609375,0.633838791636815,1.8893343976171988,1.7867271871416603,1.6666906748749648,2.044231056818744,1.4972491684901572,1.2931901885682244
0.462890625,0.6659567260318933,1.9172479386299106,1.809575577223684,1.698618688067129,2.047280726686355,1.5001278953284192,1.3159780246492883
0.46484375,0.6998925456773486,1.9451226262056978,1.83096373354482,1.7317941325520982,2.0463156487071563,1.512437060213356,1.3410495464385912
0.466796875,0.7275833675903454,1.9677709867624715,1.845697969263242,1.7595189618479108,2.04322624111715,1.5349029968874697,1.3660500091226409
0.46875,0.7419353336553665,1.9808177331435195,1.849914118844339,1.7764351373253273,2.0393596174224227,1.564550753612099,1.3877816117253676
0.470703125,0.7396795453446572,1.9825614012140176,1.842969519263435,1.780721795794224,2.035677322905012,1.5959933967354436,1.4032822040550184
0.47265625,0.7229081322057739,1.9748577745768932,1.8281106426154055,1.7749214343258048,2.0328741413796476,1.6234347632630042,1.410752864010435
0.474609375,0.6986547944005953,1.9626566311540632,1.811558473947091,1.7650920417871123,2.0313569279204784,1.6425762012757477,1.410044438008504
0.4765625,0.676648439329728,1.9523660981363844,1.8003363672075914,1.7586530467855959,2.031131655924106,1.6517401327008365,1.4026064119956692
0.478515625,0.6660889432531848,1.9496840856195257,1.7997208350074843,1.7617876133839272,2.0317500487564613,1.651906625658057,1.3909964551867364
0.48046875,0.6726638917975126,1.9577253361328393,1.811367368992167,1.7773833682404716,2.0324602408089043,1.6458202663327095,1.3781719800492358
0.482421875,0.6969125174197764,1.9761395522689642,1.8328841001035974,1.8042350434270038,2.032608023387896,1.6366834927017542,1.3668280668932624
0.484375,0.7344658424427266,2.001489037410183,1.8589969255639092,1.837695666755204,2.032171112430795,1.627045331097015,1.35896317791298
0.486328125,0.7779463101483655,2.0286569173641693,1.8837788543728289,1.871405486637912,2.0321926845124976,1.6183324306307687,1.3557355970604208
0.48828125,0.8196738961538118,2.0526693492986117,1.902973039496957,1.8993558779053243,2.0348579393046133,1.6111185178660394,1.3575517793749894
0.490234375,0.8540721663091116,2.0702030005354657,1.9154186467484442,1.9175081136689778,2.043059312274726,1.605853662111233,1.3642573393342337
0.4921875,0.8788960424554555,2.0802470005289435,1.9230073438666948,1.92446911715941,2.059492686988977,1.6035513133549943,1.375298292050978
0.494140625,0.8949927449418017,2.0837982017211867,1.9292755747168144,1.9211778157193897,2.085547877750164,1.6059701437070937,1.389784028121266
0.49609375,0.9049666647963455,2.082895189228861,1.9373577796318637,1.9099663748391469,2.1204046708129702,1.6151062907930853,1.406475628057739
0.498046875,0.911559301771715,2.079555104612064,1.9483021852811784,1.893564980894862,2.1607362746177396,1.632179651456114,1.4237926332090594
0.5,0.9165951041277964,2.0751598635989277,1.9605748611150644,1.874539554498191,2.2012481372191233,1.6566008186743224,1.4399503459884342
0.501953125,0.9209771047368368,2.070561495904245,1.971017638178776,1.8553487651069733,2.2359873349488715,1.685481395773845,1.4532887368993446
0.50390625,0.9256095683335984,2.066770697161288,1.9768257573186594,1.8388277697706816,2.2600615458025453,1.71406583259209,1.4627511210213102
0.505859375,0.9325878887288298,2.0657553916749674,1.977589507636098,1.8286352158838868,2.2712114349664576,1.7370737355590238,1.4683588335395428
0.5078125,0.9458000430450301,2.0707734328727243,1.9763506403482283,1.8291725602520128,2.2706657156658667,1.7505110024914712,1.4714649469454741
0.509765625,0.9703372561558813,2.085857710553979,1.9790205562343157,1.8447274572723764,2.2629080216407473,1.7532403210633232,1.4746019771958485
0.51171875,1.0107195440043304,2.1144869060187927,1.9922372421649135,1.877999099532265,2.2543486602826195,1.7476357557335371,1.4808686796534773
0.513671875,1.0686177571240232,2.157921472874572,2.0204807632868342,1.9285423727964026,2.251289678085657,1.7389763048429956,1.492982153525817
0.515625,1.141148958209059,2.2139458733907067,2.0636768736327005,1.9918380193453857,2.2578468502718203,1.7337239704248701,1.5122810237048294
0.517578125,1.2207262788457454,2.2766983023265723,2.1164019795850777,2.0595652493829957,2.274540587950324,1.7372902112889772,1.5380378515244801
0.51953125,1.2968689324495966,2.3378872365463765,2.1691979781084685,2.121250288640144,2.2980632415384714,1.7521302470645619,1.5673831357752894
0.521484375,1.3595330745938605,2.3891280419431706,2.211644270316461,2.1669332698176236,2.322338899179633,1.7769020741613881,1.59595754174465
0.5234375,1.4027658841567272,2.424616767429154,2.2360661259589727,2.190048406881654,2.3405468689147146,1.807019201595145,1.6191462031449941
0.525390625,1.4271797882579096,2.4431243118166592,2.2404221164567812,2.1895365019650184,2.3474329092779964,1.8363797383607328,1.6335079357503792
0.52734375,1.4400777869607777,2.4484687075451252,2.229176422925984,2.1703916621262325,2.341114695663975,1.8595925822683308,1.637900573256773
0.529296875,1.452938337172471,2.4481632149805352,2.2117308979943857,2.1423360724000684,2.323754390593701,1.8738307567542525,1.6338760859297066
0.53125,1.4770499932622958,2.4506380536949153,2.1989550448033115,2.116945166674374,2.3008603942132786,1.8795966267170316,1.6251568385913244
0.533203125,1.5189216223492634,2.462015883860306,2.1991183811082213,2.104087791780011,2.2794505969355,1.8801207610130333,1.6163324356370707
0.53515625,1.5773057047140342,2.4836467949319965,2.214783921400142,2.1088112793907134,2.265697255202405,1.8796639554429821,1.61121426153883
0.537109375,1.6431281530538595,2.5113686426092747,2.2418523208118173,2.1296886091060783,2.2628428348706504,1.881431481917731,1.611426557861356
0.5390625,1.7025039951069265,2.5368270095346475,2.2710990323862337,2.159181836345082,2.270069224518428,1.8859599242599976,1.615741789289938
0.541015625,1.7417781151477005,2.550408083318597,2.291571425242886,2.1859209366737686,2.282667279625103,1.8906386407879996,1.620414207660643
0.54296875,1.7526813442470282,2.544719931710597,2.294511142994698,2.198180786901067,2.293419797432736,1.8905697554095473,1.6204166211727964
0.544921875,1.7355910085259185,2.5173459896041974,2.2763127859589143,2.187467065556446,2.2947310924077753,1.8804436278029997,1.6111625144781767
0.546875,1.6995896674074902,2.4718698411250113,2.239469731006415,2.1511084394913795,2.2808340290739646,1.856718923729757,1.5901264205117323
0.548828125,1.659262768408081,2.4168237610943395,2.1912961956844628,2.0930895405330285,2.249430430055714,1.81928919781079,1.5578251608741567
0.55078125,1.6294659285580013,2.3629840558240653,2.1410863264179376,2.022921300505997,2.2023337840769774,1.7720117583890778,1.5178534293282866
0.552734375,1.6200922833572249,2.3200217565154824,2.096916020947116,1.9529444603181005,2.144997710000582,1.7218850903840925,1.4759853271465684
0.5546875,1.6328528653860124,2.2937033561111067,2.0633198485727315,1.8949178137691303,2.085132667483782,1.6771436017382921,1.4386536315634921
0.556640625,1.661263996439893,2.284567484718517,2.0406097136588723,1.8569169321593704,2.030836960233648,1.6449154207932162,1.4112944121598987
0.55859375,1.693755986560784,2.2884041771046557,2.0258648417186627,1.8414140638091987,1.98873801964742,1.6292156117232421,1.39703671777647
0.560546875,1.7186017390665314,2.298197326135035,2.0149552801516344,1.8450221373193323,1.9625870302458253,1.6299157840502918,1.3960756881227758
0.5625,1.72867865900024,2.30670581588156,2.0046122269515423,1.8598787256266602,1.9525904948762456,1.6429718550598567,1.4058233948063452
0.564453125,1.7241971319305818,2.3087272171215822,1.9936679812469837,1.876189441303025,1.9555759816064764,1.6617785233888935,1.4217088929184953
0.56640625,1.7123979203152744,2.302324995267317,1.9830664449310271,1.8851488380879444,1.965910318922084,1.6791726743472088,1.4383522263278647
0.568359375,1.7044697129349249,2.2887834440279713,1.9748559776252694,1.8813968087109398,1.9769489425188669,1.6894480570936687,1.4508052886297154
0.5703125,1.711032107495961,2.2715530515622353,1.9708200775283196,1.8643406232662905,1.9826908766246818,1.6897931516163596,1.455596391648152
0.572265625,1.738033078369299,2.254763177017574,1.9714915915422995,1.8380200268896352,1.9792602096313388,1.680784878016647,1.4513974367635094
0.57421875,1.7846494164495177,2.2419172844337494,1.9760226132408711,1.8096214049256067,1.9658570699479752,1.6658789165694126,1.4392284653134464
0.576171875,1.8438917105710817,2.2351690442523577,1.9828942169340185,1.7871244998871425,1.9449213331509951,1.6501279670205184,1.4221917188264965
0.578125,1.905499664849638,2.2352372153170057,1.990999657714562,1.7767865827837999,1.9214218672975938,1.6385527866236862,1.4047792269494541
0.580078125,1.9598413629907188,2.241731331438253,2.0004477446312934,1.7811903384954642,1.901404740758233,1.634649137352926,1.3918534406802479
0.58203125,2.0012326146836634,2.2535519252198606,2.012590022803952,1.798404061433447,1.8901590687542467,1.6394362297613996,1.3874731592171636
0.583984375,2.029440897027454,2.2691163734997346,2.029185265707683,1.822474491754214,1.890514267670612,1.6512710801997348,1.3938030393900063
0.5859375,2.0489537711281685,2.2863678769436215,2.0510744174539703,1.845086578484416,1.9017915442007187,1.6664209145915,1.4103734646337327
0.587890625,2.0665209296179383,2.302731613780032,2.07702824334186,1.8578985510632477,1.919772904629068,1.680173105407922,1.4339291097656541
0.58984375,2.0881292520067567,2.315268190920299,2.103403427170381,1.8548839504740242,1.9377590131989009,1.6881299014433415,1.458997791640023
0.591796875,2.11667655326475,2.321182961870962,2.1248932228034403,1.8340288864531062,1.9484475973088684,1.687307203084952,1.4791226136507813
0.59375,2.151197695129213,2.3186259680236563,2.1361638798229925,1.797917558040929,1.9460745755264361,1.676742367758656,1.4884806941198365
0.595703125,2.187772236954815,2.3074979571747014,2.133750292522291,1.753065570366883,1.928153201969062,1.6574971464525756,1.483456911540394
0.59765625,2.221542440168378,2.289880696942171,2.1174367896412654,1.7082225003884366,1.896257471370996,1.6321447697882667,1.463710133979477
0.599609375,2.2488819562442743,2.269798165409277,2.0905379896322778,1.6721487208134334,1.8555907806277174,1.6039757751954438,1.4323854169609316
0.6015625,2.2688107011330025,2.252267970512338,2.0589428718052725,1.6514969026461295,1.8134731989869974,1.5762083917844234,1.3953716552346453
0.603515625,2.2831783014787423,2.241909427076303,2.0292948444986614,1.6493636753934475,1.7772415764907585,1.5514425216556766,1.359804539342416
0.60546875,2.2957150510169573,2.2415893771036735,2.0070262869482107,1.6648410399978697,1.7522460358814305,1.531467258389723,1.332256226399418
0.607421875,2.3105074637780643,2.2516001569577355,1.9949886967287385,1.6935734813450898,1.740557453918231,1.5173596858455762,1.3171332063005896
0.609375,2.330607439493476,2.269675386804525,1.993137510226869,1.729044192383808,1.740738419116346,1.5096953922135166,1.3157264006407663
0.611328125,2.357305996372234,2.2918250983309387,1.9992641128937387,1.7641558952565577,1.7486600264706116,1.5086691001461707,1.3261329926394592
0.61328125,2.3902260271924916,2.313659347878722,2.010344809784767,1.7926731215030982,1.759012044468987,1.5140138603842448,1.343998472852796
0.615234375,2.428002106911719,2.3316995396423428,2.023871512835173,1.8102259633189135,1.7669641504508353,1.5247602720681785,1.3637988080112236
0.6171875,2.4690874447546647,2.3442113101354853,2.038610110083915,1.814765526230604,1.7694483902613392,1.539016947139654,1.3802610836858682
0.619140625,2.512251058035319,2.3513091746484878,2.054546454767256,1.8065306010700029,1.7657220733318502,1.5540054794257163,1.3895366173979173
0.62109375,2.556577262524772,2.3543935639468043,2.0721787032170957,1.7876872789957123,1.757150356258219,1.5665074807100872,1.3898748303192474
0.623046875,2.6011003419929035,2.3552484981531436,2.091607337159151,1.7618169914636874,1.7464101146838629,1.5736974994862138,1.3817313885094746
0.625,2.6444138681117755,2.3552271235713764,2.1119236927939298,1.7333591596135232,1.736466618096176,1.5741159237259594,1.3674012879973059
0.626953125,2.6845959589078094,2.354853352580576,2.1312066414715964,1.7070208812528238,1.7296770841404798,1.5683896451709474,1.3503542470455014
0.62890625,2.719607459040489,2.3539383727245378,2.1471201294383064,1.687121223517817,1.727260412742811,1.5593298127043835,1.3344608764543333
0.630859375,2.748041465421339,2.352056725206639,2.1578058699187346,1.6768658772498037,1.729197767638181,1.551233112171017,1.323250943980508
0.6328125,2.769874573021018,2.3490676871007947,2.1626228308402786,1.677638598856952,1.7344709767073143,1.5485165436425576,1.3192888463931671
0.634765625,2.7868208801306102,2.3453838755094796,2.16237428419797,1.6885071058955448,1.7414728837487097,1.5541167939248584,1.323727706135914
0.63671875,2.8020478521438745,2.3418550414028436,2.158930752571212,1.7061853121243127,1.7484367918333665,1.5682485805726607,1.336099135472867
0.638671875,2.8192995041772706,2.3393512777598744,2.1544539324946688,1.7256089209286127,1.753787759464953,1.5880418338851277,1.354384041715383
0.640625,2.841748662874631,2.3382911363373076,2.1506063845567382,1.7410905318815575,1.7563801401188885,1.6082721998509366,1.3753825723918158
0.642578125,2.8710378053779024,2.338394616097537,2.1481171913913686,1.747801894441645,1.755629314133841,1.6229813405636107,1.3953500116784492
0.64453125,2.9069029721103674,2.338832378221306,2.1468814579401614,1.743169285964341,1.7515597783504993,1.6274266824286543,1.4107904080181868
0.646484375,2.947528647492447,2.3387393721035834,2.1464991599993466,1.72773167062665,1.7447794836505623,1.6196538000200569,1.4192281862258325
0.6484375,2.9904589945812385,2.3378614108867826,2.146939119933044,1.7051356955640458,1.7363695518516946,1.6011138644930156,1.4197508605148441
0.650390625,3.0336441115164314,2.337007752511627,2.148949964136499,1.6812031346908312,1.7276749117740031,1.5761085506543828,1.4131578960066395
0.65234375,3.076155581962536,2.3380511083199997,2.153968655928993,1.6623254526124396,1.720012230319057,1.5502971067869329,1.4016630960659793
0.654296875,3.1182620698840195,2.343398288498374,2.163519370935148,1.6536724918399974,1.7143451103742808,1.5288535198315192,1.388235589703266
0.65625,3.1608592666017263,2.3550960600637034,2.1783611182181586,1.6577791256271617,1.711012717744637,1.5149707135925727,1.3757815266753581
0.658203125,3.204535068978457,2.373895710203245,2.197773025546934,1.6739310946354058,1.709588585174101,1.5092204998983405,1.3664012836736354
0.66015625,3.248724185250165,2.3986378074067205,2.219331605160533,1.6984886902686935,1.708914458218616,1.5098990313716685,1.3609197542958242
0.662109375,3.291381218036848,2.4262109635239053,2.239341825489791,1.725965502715547,1.7073068288748574,1.5140847171905145,1.3587926008191706
0.6640625,3.329381535493569,2.4521307876831373,2.25381371565458,1.7504477006556831,1.7028915841846017,1.5188754272120204,1.3583687141794059
0.666015625,3.3595417647942876,2.4715660911159363,2.2596463947748493,1.7668862494582736,1.6939970735666503,1.5222611015771903,1.3573908499721672
0.66796875,3.3798718088539537,2.480496034838182,2.2555928378866867,1.771924927136326,1.6795302480174297,1.5233221263835115,1.353580155957132
0.669921875,3.3905457681320326,2.4766671724958864,2.2426613145619405,1.7641745480749684,1.6592775348347082,1.5218067590589457,1.3451764476267196
0.671875,3.39416459405693,2.460106637915697,2.2238160079240243,1.7440670386551813,1.6340810618258732,1.5174400547651936,1.3313441605123348
0.673828125,3.3951629926487503,2.433110227810176,2.203093145774161,1.7135451514177182,1.6058523742047914,1.5094298523326015,1.3124050498955397
0.67578125,3.398553830553486,2.3997747095567767,2.1844457151276466,1.675800234526637,1.5773884990197387,1.496505896990938,1.2898811164255837
0.677734375,3.4084634935549696,2.365233059179357,2.170699436165212,1.6351034395343713,1.551965393657388,1.477524471213225,1.2663243850925736
0.6796875,3.426998086521871,2.3347744379437385,2.162939653909518,1.5965976013306833,1.5327241977530652,1.452348029673471,1.2449119184488064
0.681640625,3.453861711425566,2.313011465401545,2.1604928383141218,1.5658444784008545,1.5219473939443569,1.4225362638781502,1.228830021367437
0.68359375,3.4868554668785294,2.3032102028084296,2.1614681094682293,1.5479987457844973,1.520409841313355,1.3914454838458783,1.2205474457955705
0.685546875,3.523049709102976,2.306870107355598,2.1636598453020777,1.5466981218629272,1.527042725465367,1.363597172511561,1.221161537706031
0.6875,3.5601549577329528,2.323599395011015,2.165513255627496,1.562981832188087,1.5390965914888721,1.3435158986565923,1.2300386419972473
0.689453125,3.59754241535713,2.3513105746737417,2.1668518090181523,1.5946819988910286,1.5528557379798633,1.3344921574417181,1.244935760035879
0.69140625,3.636499555243674,2.3867154673658444,2.169139151472203,1.6366621691727192,1.5647599139958799,1.3377745872725604,1.2626574371163923
0.693359375,3.6796047006791475,2.4260353532550223,2.175180487447458,1.6820095991897532,1.5726049269755438,1.3525136854536044,1.280106735292596
0.6953125,3.729447411302334,2.4657722839249683,2.188322149405023,1.7239115708491979,1.5764032884460377,1.3764443441069096,1.2954067641965594
0.697265625,3.7871856476010506,2.503344276494488,2.2113540029351766,1.7576154515850397,1.5785479720211293,1.4069628576646238,1.308684223683276
0.69921875,3.851517436050415,2.5373995099348297,2.245426085430587,1.7817477951085452,1.5831325669814886,1.4420856624677132,1.3221779221269823
0.701171875,3.918514420432628,2.5677187021461236,2.289326057757172,1.798446882179671,1.5945825415214467,1.4808551158283394,1.3395512140780619
0.703125,3.9824486669026564,2.594750998761099,2.33938743439085,1.8121929267362156,1.6160276180867892,1.5230423757597633,1.3645833276682806
0.705078125,4.037374381369436,2.61896882313908,2.3901278454389154,1.8277330508498901,1.6479864818422383,1.568346922408596,1.3996694707546111
0.70703125,4.078938161954298,2.6403004924245477,2.4354919511132267,1.8478781108993771,1.6878601238761337,1.6155365335954015,1.444671678013292
0.708984375,4.1057873470858794,2.657876349539816,2.470362278355212,1.8720385628832237,1.7304539979565896,1.661998269559242,1.4965663702311482
0.7109375,4.120061165576176,2.6701975053896154,2.491869461787867,1.8961052807543497,1.7693650704182127,1.7039648294251095,1.550046944367897
0.712890625,4.126762061860714,2.675660063904683,2.50005785911275,1.9137636256187494,1.798741028154008,1.7373503293567412,1.5988779163004692
0.71484375,4.132207388956368,2.6732240741635014,2.4976669697174487,1.9187696128058125,1.8147935263132948,1.7588445297801345,1.6375185777183723
0.716796875,4.142088013760651,2.6629563871541495,2.4890965071931346,1.907335426991761,1.81656318907567,1.7667991982887108,1.6624445222327597
0.71875,4.1597885161293044,2.6462236432741717,2.4789154855302113,1.8797206185731141,1.8057368056952074,1.761542653776804,1.6727319695636407
0.720703125,4.185521984691298,2.625455149231349,2.470446055400754,1.8404324039002322,1.7856907056897595,1.7450295067674362,1.6697824278184448
0.72265625,4.216538931276632,2.6035706891008266,2.464926551744486,1.796975246465538,1.7602194100552535,1.7200352390546465,1.6564119312183627
0.724609375,4.24828813842287,2.583293908846497,2.461533728572197,1.757632881813883,1.7324830613104072,1.6892942520284122,1.6357556836779334
0.7265625,4.276085652669337,2.566601627332195,2.4582060472716294,1.7291010360771655,1.704549614472978,1.654970474050878,1.6104588395177386
0.728515625,4.2967102850540035,2.5544934394610377,2.452898359975951,1.7147995337953525,1.6776009165696653,1.6186540977000148,1.5824446104329486
0.73046875,4.309427619285969,2.547136811481806,2.4447456458397965,1.7143984926820284,1.6525606756132598,1.5817998507806175,1.5532583637190027
0.732421875,4.316185570102681,2.5442882312636854,2.4346691460523977,1.7246042986372307,1.6307169958986634,1.5462882966648217,1.5246951408480272
0.734375,4.32102713233164,2.5457978321828376,2.4252158667584562,1.740798923566589,1.6139576574417105,1.5147445815112501,1.4992912793571165
0.736328125,4.328996659245138,2.551983754506443,2.419748117067702,1.7588543941801362,1.6044639818655178,1.4903846766082662,1.4803311172842908
0.73828125,4.3449148155820145,2.563725569186316,2.4213621910767484,1.7764572497946896,1.6040084422047083,1.4764110671588828,1.4712652359376
0.740234375,4.372345988589873,2.5822323677917094,2.4319902064912533,1.7935301668802803,1.6132117341652268,1.4752057552632585,1.4747314678807633
0.7421875,4.412929222471566,2.6085534486657345,2.4520049041911927,1.811716278849796,1.6311435428780265,1.4876620444794197,1.4915797137492817
0.744140625,4.466083483262065,2.6429823701354347,2.4803820710880156,1.8332389230811292,1.6554923283342766,1.512921744792863,1.5203311592870556
0.74609375,4.529003242912101,2.6845273155809317,2.5152049647608017,1.8596235585158762,1.6832471156013118,1.5485757223427636,1.5573275781464095
0.748046875,4.5968909827628295,2.7306189245958903,2.5541696755214485,1.8907526375247068,1.7115785268545354,1.591173140336911,1.5975547105530163
0.75,4.663435183453063,2.7771695745201477,2.59480304678809,1.9245375769788358,1.7384866054151753,1.63676152813138,1.6358368581806588
0.751953125,4.721610237796593,2.819043026271321,2.634337989298457,1.9572678662064953,1.762907771282227,1.6812408917613493,1.667969949869894
0.75390625,4.764851695720656,2.8509173956750904,2.669467318383918,1.9844966928193686,1.7842682272065846,1.720505583560148,1.6914203578266385
0.755859375,4.788520806766654,2.868424968473931,2.6963554998443033,2.0021914347077545,1.8017811888519661,1.7505495085399665,1.7054300723132112
0.7578125,4.7913633614864635,2.8693407477698227,2.7112204145971956,2.007834260214707,1.813948916332317,1.7677883942936023,1.7106240340947128
0.759765625,4.776497719812107,2.85450289825304,2.7115127221798714,2.0011895819012007,1.8186548590844975,1.7697411131159477,1.7083953981778448
0.76171875,4.751448893346133,2.828134378507744,2.6973461975082045,1.984537916572538,1.8139466317309516,1.755968007343129,1.7003832803643228
0.763671875,4.726925724637935,2.7973161861921017,2.672533406409098,1.9622673272703302,1.7992216148519056,1.7288848989695487,1.688225317352993
0.765625,4.714439699640066,2.770588257914694,2.644577490555741,1.9398693362159554,1.776261758317161,1.6939636024024862,1.6735830533267393
0.767578125,4.723310524789389,2.755928782867292,2.6232705321091583,1.9225371051947133,1.7495162626054732,1.658943270927793,1.6582572280025296
0.76953125,4.757933791511401,2.7586300512036015,2.6180883877432826,1.913724163164723,1.7252915591879532,1.6320437222324795,1.6441638550975242
0.771484375,4.81623072595541,2.7797216167908902,2.6351247487254166,1.9141082136723528,1.7099696936905722,1.6196318886770178,1.6330367338954797
0.7734375,4.889909680962654,2.8155101134436737,2.674637282736621,1.921355249216088,1.7078397428699974,1.62413257621258,1.6259087119802835
0.775390625,4.966612328422189,2.8585047721978705,2.7302159861325213,1.9308768301529704,1.7193850454210895,1.643020108885364,1.6226070339427954
0.77734375,5.033373356600596,2.899553838405011,2.7900994117515276,1.9374502808137493,1.7407852687914134,1.6694138745604565,1.6215714750483512
0.779296875,5.080333741362106,2.9305751291905158,2.8404122030369936,1.9372204388221215,1.7649661174603521,1.6942172520410308,1.6202108177903471
0.78125,5.1035181070221585,2.9470027565788914,2.869362660968644,1.9293715925818613,1.7839211405933486,1.7091143753787514,1.6157858331344208
0.783203125,5.1057819967129285,2.9491198915518,2.8710177149503955,1.9167821972615593,1.7914941663407347,1.7093467180053101,1.6065447065609093
0.78515625,5.0956527021491,2.9418073442201877,2.847348622316393,1.9052878854506248,1.7855815310647107,1.695224081445582,1.5926646547216243
0.787109375,5.084498893543951,2.932787120048739,2.80780448794281,1.9016926069393556,1.7689036358343488,1.6717970519741583,1.5765722913105724
0.7890625,5.0830091498205965,2.929978729407718,2.766520894990499,1.9111911932943784,1.7480389267089778,1.646845499490551,1.5624338423908228
0.791015625,5.0981468808567865,2.9389045843457,2.7380927203204393,1.9351731492568103,1.7310862864073495,1.6280098715147973,1.5549284873141789
0.79296875,5.131520449805602,2.9610517337883073,2.7333255283319207,1.9703153742872217,1.7248517513544424,1.620221856852276,1.5577129372976832
0.794921875,5.179555073165564,2.9937259623732166,2.756344598008467,2.009428085373639,1.7326281790526448,1.6244362098511023,1.5721337651542557
0.796875,5.235196706761539,3.0313563511360386,2.803905012169941,2.0438352990057957,1.753372454460354,1.6380812563459932,1.5966678680803332
0.798828125,5.290380085009709,3.0676553899607457,2.866937572841468,2.066419853322967,1.7824937760980206,1.6568835452914787,1.6272943283401207
0.80078125,5.338337239904925,3.097744666240241,2.933609104738966,2.07413537264756,1.8138089296092235,1.6771277815554124,1.6586458473441101
